nombre,mes,ffmc,dmc,dc,isi,bui,fwi
San Andrés Semetabaj,1,84.89445061847748,6.592252394933338,17.346203007699742,2.6492105575855174,6.760929543093015,3.880964309078714
Sololá,1,84.68614644109515,6.562631413757548,17.212794327630746,2.543131994946364,6.7200071475854655,3.362239613540167
Concepción,1,84.6750893634795,6.572333125313228,17.241482442872858,2.5547781756057786,6.7305580160307406,3.4282506597819684
Panajachel,1,84.58683788314104,6.572999071705937,17.23451749690887,2.515140111936938,6.729581872090177,3.247496038029555
Santa Catarina Palopó,1,83.99902331881394,6.634909930276929,17.541826054656568,2.287645965407698,6.820426389414164,2.5100532195397776
San Antonio Palopó,1,84.18080850456744,6.675104049189369,17.667201200366474,2.35965747762578,6.865362300788789,2.827511342880672
Nahualá,1,81.39418592494572,6.614130704791046,17.49787441546014,1.7023962725657174,6.8008179471362,1.375396163251074
Santa Lucía Utatlán,1,84.38088310797656,6.570769194198872,17.213873429561175,2.4292245089456967,6.724472335904539,2.9519190959447035
San José Chacayá,1,84.58683788314104,6.572999071705937,17.23451749690887,2.515140111936938,6.729581872090177,3.247496038029555
Santa Cruz La Laguna,1,84.58683788314104,6.572999071705937,17.23451749690887,2.515140111936938,6.729581872090177,3.247496038029555
San Marcos La Laguna,1,84.28563319080516,6.598724276735963,17.366505886165786,2.399245043193572,6.768138693821469,2.8642126306150466
Santa Catarina Ixtahuacán,1,81.94229633798514,6.661185947580781,17.613831911841626,1.6973411428266414,6.847644442690915,1.1241498467230708
San Pablo La Laguna,1,84.1984423588132,6.606171046613077,17.404713051476996,2.3656964706625976,6.779299879059474,2.753262170574005
Santa Clara La Laguna,1,83.18809549927575,6.627619809221756,17.433787021729888,1.9829673673717143,6.79606594570822,1.477017678543625
Santa María Visitación,1,82.68358748024859,6.687835086376693,17.73371420449816,1.813202553230309,6.884677444252138,0.9777873056010356
San Juan La Laguna,1,82.51786587744503,6.710872665168973,17.844552077237402,1.779712434484265,6.917719343514808,1.026644047905406
San Pedro La Laguna,1,82.18434368412913,6.762274628916727,18.093251095761044,1.7281893726865365,6.991649495497341,1.276859068676391
Santiago Atitlán,1,81.41585543608126,6.82292169010957,18.326100558189665,1.523025849017993,7.067525359481712,0.9336334302171936
San Lucas Tolimán,1,81.70703922792055,6.811803232358881,18.268217819179927,1.5730553252836046,7.050820612040965,0.8645147542458979
San Andrés Semetabaj,2,84.78305872788597,6.801454491302051,17.46015080103889,2.592536530611842,6.891546419821802,3.786351587461544
Sololá,2,83.39779817405824,6.758766176051535,17.322511500293746,2.138022355573446,6.842826587700868,2.0356967243469173
Concepción,2,83.44343113660726,6.768145307891742,17.349792380114774,2.167348782198247,6.852954263950565,2.187022330013525
Panajachel,2,83.06347112885169,6.766860913166602,17.341270372694044,2.0415919052263383,6.850634417660175,1.710310204395056
Santa Catarina Palopó,2,83.20048164170095,6.840669294073202,17.643723139308918,2.04262035117569,6.9473464603617305,1.826099846678368
San Antonio Palopó,2,84.57988435350255,6.909754477062998,17.781212427966082,2.4399765387788324,7.009639182321969,3.209340119513736
Nahualá,2,78.4543437648616,6.808218096783167,17.593205609879078,1.323618268955906,6.920621532975873,0.8808998545234571
Santa Lucía Utatlán,2,82.40152136490279,6.759846763623202,17.317434140847194,1.904298165697968,6.842389069070438,1.5488587558752167
San José Chacayá,2,83.06347112885169,6.766860913166603,17.341270372694044,2.0415919052263383,6.850634417660176,1.710310204395056
Santa Cruz La Laguna,2,83.06347112885169,6.766860913166602,17.341270372694044,2.0415919052263383,6.850634417660175,1.710310204395056
San Marcos La Laguna,2,83.00806476626124,6.796286690374925,17.4702712570722,2.005562863203062,6.890823090666784,1.6331163510994264
Santa Catarina Ixtahuacán,2,78.29283308466994,6.854043584390597,17.701488677120167,1.153538319859239,6.9653277134424,0.6097989671843266
San Pablo La Laguna,2,82.99202608235348,6.804804678514176,17.50761361833956,1.995133403670008,6.9024566539055385,1.610770761987533
Santa Clara La Laguna,2,79.8499809192551,6.810395297409424,17.52195033400056,1.332162018585294,6.908102300924901,0.7148464092220699
Santa María Visitación,2,79.71048855031745,6.883624787343432,17.81950393496005,1.2796285943733092,7.003577959403021,0.6789440269467484
San Juan La Laguna,2,80.38398058720173,6.9205322185957785,17.934468916601045,1.3882309261062489,7.044879746399203,0.7861480157009866
San Pedro La Laguna,2,82.3553487660219,7.007779816840785,18.19514878042698,1.7157934092658669,7.14035385656417,1.111192003876701
Santiago Atitlán,2,82.62854579971012,7.096958731767998,18.433364217403167,1.7280620778082476,7.2325045270955615,1.1629917542262478
San Lucas Tolimán,2,83.6924252108711,7.094722551273953,18.38151869705701,1.9779792418444893,7.221358219231339,1.6969321346982242
San Andrés Semetabaj,3,76.88579181026577,7.029870572054446,17.634877486419686,1.078099045953485,7.041881307628389,0.5735567646895592
Sololá,3,73.54007316094902,6.973186038694425,17.4933231193176,0.8854097174899545,6.985230727768826,0.4691649475149221
Concepción,3,73.58352186815901,6.979588696586521,17.517555236478668,0.8956150742540467,6.993276727976654,0.4749182660263181
Panajachel,3,72.56631813938176,6.971360435088947,17.505478992216055,0.8344740683990106,6.986742003142002,0.442228734012424
Santa Catarina Palopó,3,72.11280657301813,7.029018283059463,17.796476157034604,0.8138644537440022,7.073443178325069,0.4339649780735728
San Antonio Palopó,3,75.3115392860042,7.1091531098197445,17.93621102269682,0.941416528504633,7.141624643840912,0.5042333523990101
Nahualá,3,62.21062581272338,6.941269670709186,17.726686872930458,0.5335452704785091,7.01458703294159,0.2826454932926197
Santa Lucía Utatlán,3,70.70644303603986,6.951287861548653,17.476073304035452,0.7879284434080502,6.970788157192287,0.4171938534124065
San José Chacayá,3,72.56631813938176,6.971360435088947,17.505478992216055,0.8344740683990106,6.986742003142002,0.442228734012424
Santa Cruz La Laguna,3,72.56631813938176,6.971360435088947,17.505478992216055,0.8344740683990106,6.986742003142002,0.442228734012424
San Marcos La Laguna,3,72.0772609331162,6.992289663518842,17.628962458157876,0.8124558732385267,7.021742051255423,0.4315713211585278
Santa Catarina Ixtahuacán,3,59.7539559462449,6.96146338262654,17.818786589359217,0.4550120316468721,7.043280001840542,0.2418707146934517
San Pablo La Laguna,3,71.9356917418288,6.998348124380128,17.66470767198314,0.8060821851657552,7.03187364413036,0.4284862805955577
Santa Clara La Laguna,3,62.93523120855295,6.939386607039552,17.649381618198408,0.5584621104660568,6.998957479839851,0.2961097647723917
Santa María Visitación,3,61.90413314855865,7.000439160609714,17.939507836812112,0.5200216553047029,7.087025421152675,0.2775614349909089
San Juan La Laguna,3,63.48726268484597,7.047843690686166,18.05710940612024,0.5565833606550268,7.134262158066663,0.2981696770983854
San Pedro La Laguna,3,68.2972051023806,7.167801367776665,18.327116637763105,0.6712480840546601,7.248382278499211,0.3620348025786027
Santiago Atitlán,3,68.29914680655644,7.253942151673858,18.559335013443302,0.6548614847324663,7.337837180870717,0.3555908249413617
San Lucas Tolimán,3,71.3079892568833,7.253681160043489,18.509053838562256,0.722160922655858,7.327865989760229,0.3920060468666977
San Andrés Semetabaj,4,58.41218365750194,7.311937377827401,18.984604106359782,0.4343356797211214,7.450161861890534,0.2378152129990573
Sololá,4,55.93722935872661,7.243630366093269,18.84382205583422,0.3562870272893818,7.387523402364209,0.1943510353270047
Concepción,4,55.37198348149416,7.233942642919078,18.86215858142123,0.3401596557282331,7.386099097136627,0.1855103086992686
Panajachel,4,54.22279881400506,7.212825366447725,18.8462150630951,0.3040323047075774,7.372060935286764,0.1655742551998449
Santa Catarina Palopó,4,52.55414803897549,7.252224109491158,19.12662569367546,0.2558887707548858,7.445997598926072,0.1400237368686723
San Antonio Palopó,4,54.55892741799767,7.336442007309761,19.25883918362108,0.3121040765919298,7.515431805065832,0.1715206172223655
Nahualá,4,45.72465564625066,7.113673081384158,19.047937747307238,0.1704261378021508,7.355946946719043,0.092826288715601
Santa Lucía Utatlán,4,52.690932784575736,7.177459718151089,18.81367232075832,0.2710159163390368,7.347168272970706,0.1475576713821212
San José Chacayá,4,54.22279881400506,7.212825366447725,18.8462150630951,0.3040323047075774,7.372060935286764,0.1655742551998449
Santa Cruz La Laguna,4,54.22279881400506,7.212825366447725,18.8462150630951,0.3040323047075774,7.372060935286764,0.1655742551998449
San Marcos La Laguna,4,53.26313152913744,7.224830215723077,18.96525782258171,0.2763845676502802,7.400962647015419,0.1507436862100826
Santa Catarina Ixtahuacán,4,42.07687137737697,7.068162840644438,19.11710518552469,0.0689598830516013,7.345691002970017,0.0374465426538103
San Pablo La Laguna,4,52.98533310457049,7.2283053036712035,18.999717568748885,0.2683812753442205,7.409328931989504,0.1464506267656778
Santa Clara La Laguna,4,44.72126754204301,7.071916087865234,18.958504259125075,0.0916919134708464,7.318602287285891,0.0497065047089627
Santa María Visitación,4,43.21414887875829,7.1172599937475205,19.23954813523672,0.0685246559063253,7.395227926187045,0.0373716040403955
San Juan La Laguna,4,44.464225185006335,7.184588710854433,19.35849197073065,0.0889400604905993,7.453454313919716,0.0487795270178755
San Pedro La Laguna,4,48.398370929743336,7.364802432507423,19.63462485538086,0.1533054063763527,7.60144169994519,0.0846007277895661
Santiago Atitlán,4,47.93214262172944,7.4547557043631905,19.85847048380878,0.1396779572578015,7.691282702842201,0.0776414998480241
San Lucas Tolimán,4,49.22496709300068,7.450209233071535,19.806734122901133,0.1629531453482059,7.679174808380179,0.0905693312663904
San Andrés Semetabaj,5,38.08549693692232,6.940516180911486,20.41940424851002,0.028698482827472,7.504165001261187,0.0157754896431895
Sololá,5,36.99976402598148,6.903351853305926,20.287638651777957,0.0244199637850706,7.460131771325871,0.0134027034982794
Concepción,5,36.45705273546501,6.887554620884401,20.305594057833243,0.0200960999468879,7.454083619945552,0.0110148066000723
Panajachel,5,35.727816362518226,6.8687135832056585,20.290542194120352,0.0162359503051873,7.440537579721067,0.0088840110034243
Santa Catarina Palopó,5,33.82393540712656,6.87436784431257,20.5618125714245,0.0110673642833855,7.489018259988306,0.006072339676441
San Antonio Palopó,5,34.63387807514665,6.904621218518387,20.67456165302561,0.0135215870718603,7.525631761321635,0.007436810582904
Nahualá,5,30.524671327059767,6.792987474430264,20.49922094102901,0.0135356674318794,7.428141592820864,0.0074264708508814
Santa Lucía Utatlán,5,34.93089516768487,6.847272501255215,20.262712032525044,0.0157079743375883,7.423136973211892,0.0086014484183663
San José Chacayá,5,35.727816362518226,6.8687135832056585,20.290542194120352,0.0162359503051873,7.440537579721067,0.0088840110034243
Santa Cruz La Laguna,5,35.727816362518226,6.8687135832056585,20.290542194120352,0.0162359503051873,7.440537579721067,0.0088840110034243
San Marcos La Laguna,5,34.76990311406769,6.868788168415115,20.40666647407427,0.0136376162717716,7.459891503856607,0.0074674639379938
Santa Catarina Ixtahuacán,5,27.77193433438729,6.731305031489812,20.567218952565003,0.0031626710701648,7.403596279477691,0.0017250267939746
San Pablo La Laguna,5,34.492612436884635,6.868809758870484,20.440281397218826,0.0128854669463092,7.465493955580053,0.007057410840106
Santa Clara La Laguna,5,29.66754585666008,6.749832270896733,20.41415015538702,0.003832126613248,7.390303203189076,0.0020876012769612
Santa María Visitación,5,28.072735702076347,6.758740123564951,20.68493023445494,0.0021890580554073,7.43996360503793,0.0011974505323471
San Juan La Laguna,5,28.473039866253025,6.793372457299727,20.79246367534516,0.0026590644826214,7.47829249600205,0.0014593851536474
San Pedro La Laguna,5,29.9891623707288,6.890002116340563,21.03894857747245,0.0043768280957257,7.576487138102164,0.002411432463298
Santiago Atitlán,5,29.12474127609632,6.921750645325348,21.242946488994548,0.0032058444812526,7.628842914822213,0.0017732061044588
San Lucas Tolimán,5,29.893736194463177,6.920174445893683,21.191382630094672,0.0037006322796479,7.619645399883656,0.0020481847236608
San Andrés Semetabaj,6,29.596902866026586,6.626183991146175,21.293840963248066,0.0036983820917244,7.453713281332361,0.002025160747998
Sololá,6,29.583625347420984,6.600972476077446,21.166997127215343,0.0036834415680124,7.418340385662556,0.0020126859289265
Concepción,6,29.36134922101523,6.599461812837199,21.188662100568735,0.0033948900245902,7.4207311579466415,0.001855316960871
Panajachel,6,29.14346776070717,6.592159060321713,21.17688966560365,0.0031650343425671,7.414311280872086,0.0017287136560588
Santa Catarina Palopó,6,27.765454130024963,6.618143468501171,21.449897464152752,0.0021774400378554,7.472366617123042,0.001193122452545
San Antonio Palopó,6,27.550640896612432,6.634574334135187,21.55684513548918,0.0020781905869524,7.499019817318895,0.0011408098145886
Nahualá,6,26.47123528281604,6.577890358637653,21.398253916151063,0.0021684815750504,7.438212206403886,0.0011833502134767
Santa Lucía Utatlán,6,28.86771871434608,6.583055764174525,21.15269003134808,0.003006583727821,7.404833422720221,0.0016416117320192
San José Chacayá,6,29.14346776070717,6.592159060321713,21.17688966560365,0.0031650343425671,7.414311280872086,0.0017287136560588
Santa Cruz La Laguna,6,29.14346776070717,6.592159060321713,21.17688966560365,0.0031650343425671,7.414311280872086,0.0017287136560588
San Marcos La Laguna,6,28.51378848541093,6.602586393469034,21.29422104116168,0.0027212078415686,7.438785734764115,0.0014877878871318
Santa Catarina Ixtahuacán,6,25.411293220089608,6.569648404096195,21.480398125198786,0.0011805304073425,7.44558219961422,0.0006443177451215146
San Pablo La Laguna,6,28.33151290571992,6.60560483201168,21.328185386717955,0.0025927317491743,7.445870445101281,0.0014180462171793
Santa Clara La Laguna,6,26.531494452285752,6.567117592424739,21.32427451094804,0.0014959380538277,7.420712863478967,0.0008164460022683551
Santa María Visitación,6,25.391653519900967,6.592553082942969,21.596274880757417,0.0009799162479701858,7.4781009685851485,0.0005374576329629219
San Juan La Laguna,6,25.276788376933972,6.609609890661688,21.69713059901377,0.000965430955975448,7.504131216624043,0.0005303109252403639
San Pedro La Laguna,6,25.21482903919443,6.652960071871568,21.924502301603457,0.001034679291509,7.565892928599421,0.0005698408369347945
Santiago Atitlán,6,24.34442202199628,6.676585880188594,22.12256128419,0.0007365405374949928,7.610694332679954,0.0004069659656985441
San Lucas Tolimán,6,24.393915810113008,6.6731661156219095,22.07104769383135,0.000712315625694056,7.600914520693021,0.00039374752818494127
San Andrés Semetabaj,7,45.629203962791046,6.817403731242233,21.598592065270843,0.1171994353997248,7.621015100977659,0.0648992109733428
Sololá,7,46.16571724521317,6.776739302876017,21.461454736826223,0.1235179560283439,7.574274524152547,0.0682077941264914
Concepción,7,46.20115143827812,6.791928040169682,21.48970404467717,0.12465025656266,7.588163530747611,0.0689014565980158
Panajachel,7,46.0710675939801,6.7876522416669145,21.479390158253334,0.1219652191215874,7.583887643334534,0.0673958874743925
Santa Catarina Palopó,7,42.97598112539461,6.838539536623555,21.77980867153819,0.0769749662856927,7.662352403727911,0.042705334925719
San Antonio Palopó,7,41.3800874378355,6.846113798120019,21.891353073786902,0.0619413453849976,7.684218771336956,0.0344275240762287
Nahualá,7,40.706295518097086,6.773812169366044,21.722426635380693,0.0665653539415176,7.612291451257509,0.0366675645656866
Santa Lucía Utatlán,7,45.85053991300115,6.780931773492907,21.45532836815228,0.1173725029774715,7.575940470708527,0.0648250050736891
San José Chacayá,7,46.0710675939801,6.7876522416669145,21.479390158253334,0.1219652191215874,7.583887643334534,0.0673958874743925
Santa Cruz La Laguna,7,46.0710675939801,6.7876522416669145,21.479390158253334,0.1219652191215874,7.583887643334534,0.0673958874743925
San Marcos La Laguna,7,44.73251202287389,6.809211446550971,21.60874575751169,0.1027364812678201,7.617449902087279,0.056839319591545
Santa Catarina Ixtahuacán,7,40.4972827713219,6.815224880688851,21.82668659659747,0.0567644456843193,7.654419207632861,0.0313865751049576
San Pablo La Laguna,7,44.34503541018525,6.815452269017408,21.646190799402262,0.0971702676785717,7.627165292778865,0.0537834709938786
Santa Clara La Laguna,7,42.88491541704255,6.813806695894919,21.65773544992344,0.0749166071320358,7.627888768205325,0.0414419280654744
Santa María Visitación,7,40.36839506028918,6.86106723410603,21.954394743296785,0.0442798360523414,7.703487637647577,0.0246573151084628
San Juan La Laguna,7,39.37225964460082,6.863558967896783,22.05802773563521,0.0390150850579917,7.720790044644805,0.0217443598677787
San Pedro La Laguna,7,37.1295097499437,6.862391912928539,22.28826321044309,0.0302351106708562,7.754871683450092,0.0168599900550981
Santiago Atitlán,7,34.35556425431193,6.860559061582423,22.494102047412213,0.0161225219652965,7.784804697581734,0.0090059235485341
San Lucas Tolimán,7,33.70902840762843,6.850141353835319,22.43704737673665,0.0119527418601978,7.769708177614717,0.0066805539776075
San Andrés Semetabaj,8,38.97370115079418,6.6294300197546345,20.90138632876937,0.0351185689113063,7.395006578702971,0.0191500260893167
Sololá,8,38.7647907710073,6.5914430212936415,20.76567947751403,0.0328296852575763,7.350162756789461,0.0178504084057259
Concepción,8,38.74421350751984,6.6011285820294034,20.792426586645966,0.0327837566700765,7.360372475132623,0.017841247948227
Panajachel,8,38.45704697718145,6.594848222068964,20.780968903572337,0.0306993795927024,7.354674619331046,0.016698518200073
Santa Catarina Palopó,8,36.2112416882464,6.630551512904325,21.069648908342643,0.0198910305825603,7.42188492716255,0.0108580417865503
San Antonio Palopó,8,35.66234647197312,6.644031926527751,21.178704874186085,0.0186134824130627,7.447120371988056,0.0101810359034379
Nahualá,8,33.68388753601535,6.568298610968889,21.009322471873286,0.0161303446881758,7.372848456657262,0.0087484020118519
Santa Lucía Utatlán,8,37.99495514706766,6.586095684379759,20.756171457924356,0.0283414540834322,7.345349013044344,0.0154082479764627
San José Chacayá,8,38.45704697718145,6.594848222068964,20.780968903572337,0.0306993795927024,7.354674619331046,0.016698518200073
Santa Cruz La Laguna,8,38.45704697718145,6.594848222068964,20.780968903572337,0.0306993795927024,7.354674619331046,0.016698518200073
San Marcos La Laguna,8,37.43160184316748,6.609188519200045,20.905048311154424,0.0258486005674539,7.382928975079206,0.0140746503682561
Santa Catarina Ixtahuacán,8,32.76518107943465,6.586351889371869,21.105255043628198,0.010290244794641,7.399070974713136,0.0055940650811079
San Pablo La Laguna,8,37.13476246226869,6.613339657843252,20.940966034401864,0.0244444276917241,7.391107867532621,0.0133151096800986
Santa Clara La Laguna,8,34.68133406645235,6.590266678808487,20.94388343281649,0.0139606313795801,7.37706931077801,0.0075936236423817
Santa María Visitación,8,32.906611237363784,6.62147978447392,21.22956708485594,0.0084438921456259,7.440904740124433,0.0046189927138986
San Juan La Laguna,8,32.4646412841381,6.628248779605979,21.331031674974323,0.0079679433923243,7.460590139517095,0.0043632567167216
San Pedro La Laguna,8,31.636198846771705,6.642226677035811,21.55753377163494,0.0077795471040679,7.503693326325184,0.004265888637336
Santiago Atitlán,8,29.75175181884179,6.6442628916341615,21.75639772451147,0.0044902141037621,7.535109181611389,0.0024670392877997
San Lucas Tolimán,8,29.58296805301124,6.639863444199658,21.700541055885125,0.0037992949171398,7.52404499366704,0.0020888310541472
San Andrés Semetabaj,9,29.43293450076599,6.403955423716589,19.558579873217965,0.003448201171454,7.042848464872785,0.0018342987372705
Sololá,9,29.51371121927734,6.383590682581755,19.433139077870525,0.0034999878827624,7.0102118234322415,0.0018578501986673
Concepción,9,29.33594541958698,6.386448090628468,19.45633567438329,0.0032893983737275,7.0157121302622825,0.0017469705470579
Panajachel,9,29.165114517030545,6.382341170331779,19.445570166778573,0.0031163896287014,7.011484410180148,0.001654472582146
Santa Catarina Palopó,9,27.87480106301081,6.405690977448179,19.72186491426741,0.0021918418524026,7.070199688120065,0.0011676368113909
San Antonio Palopó,9,27.419269112318347,6.413106165369534,19.822485281922106,0.0019772521789853,7.090788354777868,0.0010548751952023
Nahualá,9,26.78088733396888,6.37182533268982,19.669604009484427,0.0021404477585299,7.040497448813177,0.0011347629233228
Santa Lucía Utatlán,9,28.95360936529857,6.376091342205559,19.42145151754489,0.0029802732814342,7.003791683314413,0.0015815326564258
San José Chacayá,9,29.165114517030545,6.382341170331779,19.445570166778573,0.0031163896287014,7.011484410180148,0.001654472582146
Santa Cruz La Laguna,9,29.165114517030545,6.382341170331779,19.445570166778573,0.0031163896287014,7.011484410180148,0.001654472582146
San Marcos La Laguna,9,28.58802132182742,6.39197196372751,19.564727993229468,0.0027087973728736,7.036532879212535,0.0014396984010445
Santa Catarina Ixtahuacán,9,25.97409314981964,6.375643866382662,19.75605228547828,0.0013393304731582,7.056795093612846,0.0007113000069459541
San Pablo La Laguna,9,28.420968028479148,6.394759824973642,19.599221048254723,0.0025908101409235,7.043783751827173,0.0013775269275677
Santa Clara La Laguna,9,26.991579194966963,6.373778351108951,19.59877603811148,0.0016764286181397,7.030885418982594,0.0008902147469693562
Santa María Visitación,9,25.93450569736611,6.394973055173375,19.873928370678623,0.0011485229947237,7.088009439332795,0.0006129684936122097
San Juan La Laguna,9,25.76079025016229,6.404395264211333,19.97360011719925,0.0011093852239323,7.109519640621707,0.0005928141260953886
San Pedro La Laguna,9,25.512507338317132,6.427181320737914,20.19713028618281,0.0011108251327876,7.158657116530006,0.0005948550721396144
Santiago Atitlán,9,24.58729464095746,6.438602984491872,20.39190938354905,0.0007880552420333679,7.1963421406400485,0.00042323226185931933
San Lucas Tolimán,9,24.27697069603246,6.430891531043833,20.334230228739774,0.0006852922898403319,7.182653300595589,0.0003680138590321672
San Andrés Semetabaj,10,35.99384917887963,6.362450648159957,18.51121423584388,0.0189099974301047,6.843993256433935,0.009914308879693
Sololá,10,35.995185173023664,6.345969987041063,18.386842655542303,0.018241952883225,6.813213142326559,0.0095453238052829
Concepción,10,35.886324514190704,6.349514773040602,18.41068374157542,0.017760855732072,6.819350258685286,0.0092991756718068
Panajachel,10,35.60307299851281,6.346752893955006,18.40069460407381,0.0165019113596901,6.816044348744651,0.0086373011708481
Santa Catarina Palopó,10,33.031141342045444,6.362657620508154,18.676728666753824,0.0097018733606363,6.872181663424989,0.0050925768677922
San Antonio Palopó,10,32.46409076471842,6.370853764120299,18.778508255728912,0.0087726785761348,6.894093050335026,0.0046133276974825
Nahualá,10,30.92609888060777,6.331606701614901,18.626331862118704,0.009014080669712,6.8446734970463385,0.0047083318924339
Santa Lucía Utatlán,10,35.19030432169306,6.341988509738636,18.37748180935941,0.0153266957839504,6.809313575993527,0.0080191684619721
San José Chacayá,10,35.60307299851281,6.346752893955006,18.40069460407381,0.0165019113596901,6.816044348744651,0.0086373011708481
Santa Cruz La Laguna,10,35.60307299851281,6.346752893955006,18.40069460407381,0.0165019113596901,6.816044348744651,0.0086373011708481
San Marcos La Laguna,10,34.44224038727696,6.353038129277284,18.51971729002571,0.0135012253383736,6.839907686849276,0.0070721948553593
Santa Catarina Ixtahuacán,10,29.733168159026523,6.337353823937432,18.714375091582788,0.0050832870107326,6.862990410558945,0.00265927147624
San Pablo La Laguna,10,34.106209894550794,6.354857539502152,18.55417122543284,0.0126326057006241,6.846815495247985,0.0066191377640336
Santa Clara La Laguna,10,31.65879071924813,6.340432574356523,18.557789068976707,0.0068724842638016,6.838946905543502,0.0035968297731119
Santa María Visitación,10,29.56395433880802,6.354580155595906,18.831306377727326,0.0034972259509484,6.8935630703375335,0.0018401058472563
San Juan La Laguna,10,29.06303721163492,6.357951306293215,18.92952492250265,0.0032519718138595,6.911797357841967,0.0017127804552533
San Pedro La Laguna,10,28.129463819047405,6.365238381541045,19.14929108605234,0.0032337545921157,6.952270084194889,0.0017047692970655
Santiago Atitlán,10,26.266001611760064,6.367196521055551,19.34304980339643,0.0017495210839022,6.9853365264573375,0.0009242331949310004
San Lucas Tolimán,10,26.4701621520274,6.370117865574208,19.289569959218305,0.0015359424837624,6.978547316776829,0.0008125341248974849
San Andrés Semetabaj,11,61.396839467950144,6.417854486329087,17.422978598591207,0.5603348230784044,6.682133886590449,0.2902977614803987
Sololá,11,62.31976823000157,6.400321485012158,17.29633953700685,0.5844286583821655,6.649346729148206,0.3021466121824227
Concepción,11,62.40567044962314,6.40703579540841,17.322734317941876,0.590168820429367,6.657845760646071,0.305313042168933
Panajachel,11,62.134581969805865,6.406008079056611,17.314383016204843,0.5802414710127418,6.655749385852179,0.3001270805382648
Santa Catarina Palopó,11,55.689867627043554,6.43189093172787,17.605638736070915,0.3709539499882217,6.723131113732388,0.1925971455897689
San Antonio Palopó,11,53.70221436161014,6.440680802027647,17.71050113938798,0.3274668676683351,6.746949051342689,0.1703120613275748
Nahualá,11,52.0591044677518,6.4040433037421485,17.55821879708314,0.304686741404328,6.69842568954518,0.157273096600322
Santa Lucía Utatlán,11,61.45066075178034,6.403205149906905,17.29280421072117,0.5537136878042189,6.650246492223613,0.286298202433586
San José Chacayá,11,62.134581969805865,6.406008079056611,17.314383016204843,0.5802414710127418,6.655749385852179,0.3001270805382648
Santa Cruz La Laguna,11,62.134581969805865,6.406008079056611,17.314383016204843,0.5802414710127418,6.655749385852179,0.3001270805382648
San Marcos La Laguna,11,59.30160456866514,6.416868631497067,17.44020932758877,0.4881360021276198,6.684675000557024,0.2527731889290395
Santa Catarina Ixtahuacán,11,50.72401378134342,6.423999737765235,17.65842940986405,0.2523437049497334,6.727617129682282,0.1306201540611967
San Pablo La Laguna,11,58.481532163071776,6.420012475624566,17.476632733515697,0.4614738927135056,6.693048204813691,0.2390654834632111
Santa Clara La Laguna,11,54.72457608696147,6.421313325067391,17.493099932658925,0.3361025213790357,6.696671408092599,0.1740335782845082
Santa María Visitación,11,49.66181684411314,6.444751699212716,17.77842846588862,0.1858901958333839,6.761640609087235,0.0968662820660808
San Juan La Laguna,11,48.162539499357926,6.447192471605532,17.879249252182404,0.1647675521678416,6.780974214848105,0.0859325906892274
San Pedro La Laguna,11,45.038686520646905,6.449822650784685,18.10373650157438,0.1352753490770586,6.822281511316897,0.0705776221159801
Santiago Atitlán,11,40.880803279877256,6.455276652695178,18.30733025847152,0.0680796198003443,6.861422596700357,0.0355993626717854
San Lucas Tolimán,11,41.01402433458335,6.456544036868832,18.252014884764584,0.0561111309187832,6.852612932573011,0.0293982444372054
San Andrés Semetabaj,12,83.87993757786965,6.457744814473939,17.348287922889785,2.377491652471164,6.689854731286289,2.796837694332477
Sololá,12,82.67656276980576,6.434539519662631,17.216691060503965,1.978272476767383,6.65293470094506,1.4331571743814648
Concepción,12,83.01600359029011,6.44317010242501,17.245340472635277,2.0962926020462493,6.662894208341382,1.9003608936039944
Panajachel,12,82.5926660022091,6.4431053202093285,17.237757096670215,1.961978812668944,6.661445563607371,1.4392645373553945
Santa Catarina Palopó,12,81.59194063964742,6.4894229185807895,17.54318675030882,1.7222833459314535,6.742954423220127,1.0174047566521291
San Antonio Palopó,12,81.20541451128682,6.51126786293088,17.65736022235374,1.7066242641542049,6.775799263294761,0.8898370931136851
Nahualá,12,77.50148970979795,6.473829074465567,17.49843051610346,1.1954623319957252,6.725765687286261,0.622829075499846
Santa Lucía Utatlán,12,82.0952448129887,6.442247825625666,17.217356245271493,1.8452012966694304,6.657170767418799,1.259720869103384
San José Chacayá,12,82.5926660022091,6.4431053202093285,17.237757096670215,1.961978812668944,6.661445563607371,1.4392645373553945
Santa Cruz La Laguna,12,82.5926660022091,6.4431053202093285,17.237757096670215,1.961978812668944,6.661445563607371,1.4392645373553945
San Marcos La Laguna,12,82.10963982596928,6.462750057623288,17.3695954180121,1.8460507016696732,6.696434940088998,1.2602259129741795
Santa Catarina Ixtahuacán,12,77.98936069553173,6.509970535968972,17.610998613907206,1.156592499530625,6.766099236036231,0.6021859300686793
San Pablo La Laguna,12,81.96981645916301,6.468436692137856,17.407759142611066,1.8124925642751477,6.706563443807363,1.208398942758565
Santa Clara La Laguna,12,79.84669610275644,6.487441573973746,17.434852613654314,1.3670965050183523,6.721737461135621,0.7188942717306633
Santa María Visitación,12,79.10377654879217,6.531362362009453,17.731831719800464,1.2379993490675774,6.800461873798134,0.6472016480220621
San Juan La Laguna,12,78.88460778930867,6.54422801759058,17.839397025572637,1.2253947149678064,6.827091808785145,0.6416138577771101
San Pedro La Laguna,12,78.48109704182019,6.570984584635962,18.07989628942896,1.2242869649899808,6.885432043949353,0.6429739562437943
Santiago Atitlán,12,76.87500845444991,6.607008825564584,18.303069381805965,1.029424900144868,6.945651619091636,0.5432166020351366
San Lucas Tolimán,12,76.1895445552006,6.597968162296758,18.24476688158453,0.9754953487211314,6.9302383612078655,0.5145454972660575
