nombre,area_ha,ndvi_mean,ndvi_stdDev,evi2_mean,evi2_stdDev,nirv_mean,nirv_stdDev,ndwi_mean,nbr_mean,lai_mean,lai_stdDev,ndvi_slope_mean,ndvi_intercept_mean,ndvi_2015,ndvi_2016,ndvi_2017,ndvi_2018,ndvi_2019,ndvi_2020,ndvi_2021,ndvi_2022,ndvi_2023,ndvi_2024,evi2_2015,evi2_2016,evi2_2017,evi2_2018,evi2_2019,evi2_2020,evi2_2021,evi2_2022,evi2_2023,evi2_2024,nirv_2015,nirv_2016,nirv_2017,nirv_2018,nirv_2019,nirv_2020,nirv_2021,nirv_2022,nirv_2023,nirv_2024,ndvi_doy00_mean,ndvi_doy01_mean,ndvi_doy02_mean,ndvi_doy03_mean,ndvi_doy04_mean,ndvi_doy05_mean,ndvi_doy06_mean,ndvi_doy07_mean,ndvi_doy08_mean,ndvi_doy09_mean,ndvi_doy10_mean,ndvi_doy11_mean,ndvi_doy12_mean,ndvi_doy13_mean,ndvi_doy14_mean,ndvi_doy15_mean,ndvi_doy16_mean,ndvi_doy17_mean,ndvi_doy18_mean,ndvi_doy19_mean,ndvi_doy20_mean,ndvi_doy21_mean,ndvi_doy22_mean,ndvi_doy23_mean,agb_mean,agb_stdDev,cStockMg_mean,cStockMg_stdDev,co2eq_mean,soilC_mean,cobBos,mesh_mean,mesh_stdDev,loss_ha_2001,loss_ha_2002,loss_ha_2003,loss_ha_2004,loss_ha_2005,loss_ha_2006,loss_ha_2007,loss_ha_2008,loss_ha_2009,loss_ha_2010,loss_ha_2011,loss_ha_2012,loss_ha_2013,loss_ha_2014,loss_ha_2015,loss_ha_2016,loss_ha_2017,loss_ha_2018,loss_ha_2019,loss_ha_2020,loss_ha_2021,loss_ha_2022,loss_ha_2023,lai_sd,fpar_mean,npp_gC_m2_d,gpp_gC_m2_d,fwi_anual_mean,ffmc_m01,ffmc_m02,ffmc_m03,ffmc_m04,ffmc_m05,ffmc_m06,ffmc_m07,ffmc_m08,ffmc_m09,ffmc_m10,ffmc_m11,ffmc_m12,dmc_m01,dmc_m02,dmc_m03,dmc_m04,dmc_m05,dmc_m06,dmc_m07,dmc_m08,dmc_m09,dmc_m10,dmc_m11,dmc_m12,dc_m01,dc_m02,dc_m03,dc_m04,dc_m05,dc_m06,dc_m07,dc_m08,dc_m09,dc_m10,dc_m11,dc_m12,isi_m01,isi_m02,isi_m03,isi_m04,isi_m05,isi_m06,isi_m07,isi_m08,isi_m09,isi_m10,isi_m11,isi_m12,bui_m01,bui_m02,bui_m03,bui_m04,bui_m05,bui_m06,bui_m07,bui_m08,bui_m09,bui_m10,bui_m11,bui_m12,fwi_m01,fwi_m02,fwi_m03,fwi_m04,fwi_m05,fwi_m06,fwi_m07,fwi_m08,fwi_m09,fwi_m10,fwi_m11,fwi_m12,precip_mean_mm,et_mean_mm,ea_mm,escorrentia_mm,wri_score,shannon_H,pielou_J,cls0,cls1,cls2,cls3,cls4,cls5,cls6,cStockMg,co2eq,soilC
Concepción,1502.6974026074706,0.7053123569896367,0.136089780371273,0.3656869839383507,0.0829085310999046,0.1703510201260947,0.0476116115603811,0.2456293478648836,0.5025637475419195,0.3086441975745203,0.0954922559650401,-5.398614070179558e-06,0.6941702385629599,0.722998383149571,0.6880136551020152,0.6501392528137095,0.7087410618050984,0.6685066174120384,0.6840670208987234,0.7492057867309797,0.6902060295932684,0.715666481921477,0.663915158569579,0.4003590240726636,0.3620649205092855,0.3389654592004432,0.3819195187618823,0.3563633073163662,0.3567835133299573,0.4060351386269574,0.353707891695741,0.3809165224703233,0.3332719041674479,0.1921562726323231,0.1682603514226937,0.1552263520548757,0.180557827727697,0.1648832146218788,0.1654605877071202,0.1952472080339508,0.1632960475979098,0.1796293134854341,0.1514840246868546,,,,,,,,,,,,,,,,,,,,,,,,,94.1100948660186,59.6087462892018,44.23174458702882,28.016110755924377,162.33050263439588,106.15618700886908,59.715787516335936,22.38422571718058,3.9197354452233415,0.0,0.4499089721679687,0.4499138732910157,1.1418873674220666,0.2699480224609375,5.057369441324869,0.2699474670410156,0.1990222476256127,5.550241162396596,2.5953736690745632,1.7096553344726566,2.570676989722158,1.743161994150199,1.5296776245117187,3.689226062011719,2.969376391601563,2.429490533447266,1.9795972167968756,0.0,0.0,2.519481378173828,4.499078637695314,0.9897912292480469,1.096592355424369,0.6406748274341837,4.2467,8.0687,0.7160028728850049,84.6750893634795,83.44343113660726,73.58352186815901,55.37198348149416,36.45705273546501,29.36134922101523,46.20115143827812,38.74421350751984,29.33594541958698,35.886324514190704,62.40567044962314,83.01600359029011,6.572333125313228,6.768145307891742,6.979588696586521,7.233942642919078,6.887554620884401,6.599461812837199,6.791928040169682,6.6011285820294034,6.386448090628468,6.349514773040602,6.40703579540841,6.44317010242501,17.241482442872858,17.349792380114774,17.517555236478668,18.86215858142123,20.305594057833243,21.188662100568735,21.48970404467717,20.792426586645966,19.45633567438329,18.41068374157542,17.322734317941876,17.245340472635277,2.5547781756057786,2.167348782198247,0.8956150742540467,0.3401596557282331,0.0200960999468879,0.0033948900245902,0.12465025656266,0.0327837566700765,0.0032893983737275,0.017760855732072,0.590168820429367,2.0962926020462493,6.7305580160307406,6.852954263950565,6.993276727976654,7.386099097136627,7.454083619945552,7.4207311579466415,7.588163530747611,7.360372475132623,7.0157121302622825,6.819350258685286,6.657845760646071,6.662894208341382,3.4282506597819684,2.187022330013525,0.4749182660263181,0.1855103086992686,0.0110148066000723,0.001855316960871,0.0689014565980158,0.017841247948227,0.0017469705470579,0.0092991756718068,0.305313042168933,1.9003608936039944,1133.5658700746558,332.22250847557285,788.5042510967794,345.06161897787587,3.044036770048048,1.8132,0.9318,0.0518456490121681,0.1473540170714962,0.0385495662363636,0.2139173915308089,0.1703336264450048,0.2302269231122756,0.1477728265918827,44.232,162.331,106.157
Nahualá,18690.361948739926,0.7215111566183315,0.1835955146076042,0.3969792890719675,0.1429211720480362,0.1924218284407589,0.0855443941981132,0.2393302116232954,0.488135489316092,0.328623898690411,0.1265754362850535,-0.0006221170936864115,0.7239671368382649,0.736058833581272,0.7092745126595321,0.7013833517215248,0.7364805912245946,0.7233498139909557,0.6978240068830833,0.7658953522991073,0.7196535539579642,0.7315276862669027,0.6902271758666302,0.4080708072513746,0.3919659076346872,0.3813318378132942,0.4065756706864796,0.4019204961372373,0.382644720734246,0.4283332886589864,0.3981945091186386,0.4053772745426616,0.3757992372587473,0.1991084508563045,0.1892564989339256,0.1829909892580668,0.1970324759061047,0.1950501197946827,0.1847622172361948,0.2109503704856952,0.1939046143283377,0.1970494182529094,0.1799623470036233,,,,,,,,,,,,,,,,,,,,,,,,,99.09192805776622,59.98636428260877,46.57320618715019,28.19359121282665,170.92366670684214,111.77569484916005,69.2840585851429,22.69203963309293,2.7427506136570963,30.845365266855275,17.37576394653321,21.08738992077397,59.718297894047744,17.19079714355469,13.39856245705997,29.28465243539848,30.513684142874933,28.295159702794702,18.092074401855463,23.44966778562059,56.85628694723698,11.619161997285731,17.494610644842407,3.870171643066406,12.322175084779028,12.067170471191403,4.05048892211914,18.13233344161689,11.44154061580882,9.181039599609374,9.552126820642808,20.57290225461473,1.217998594892952,0.6584001182265853,4.2045,7.9886,0.28931157119504775,81.39418592494572,78.4543437648616,62.21062581272338,45.72465564625066,30.524671327059767,26.47123528281604,40.706295518097086,33.68388753601535,26.78088733396888,30.92609888060777,52.0591044677518,77.50148970979795,6.614130704791046,6.808218096783167,6.941269670709186,7.113673081384158,6.792987474430264,6.577890358637653,6.773812169366044,6.568298610968889,6.37182533268982,6.331606701614901,6.4040433037421485,6.473829074465567,17.49787441546014,17.593205609879078,17.726686872930458,19.047937747307238,20.49922094102901,21.398253916151063,21.722426635380693,21.009322471873286,19.669604009484427,18.626331862118704,17.55821879708314,17.49843051610346,1.7023962725657174,1.323618268955906,0.5335452704785091,0.1704261378021508,0.0135356674318794,0.0021684815750504,0.0665653539415176,0.0161303446881758,0.0021404477585299,0.009014080669712,0.304686741404328,1.1954623319957252,6.8008179471362,6.920621532975873,7.01458703294159,7.355946946719043,7.428141592820864,7.438212206403886,7.612291451257509,7.372848456657262,7.040497448813177,6.8446734970463385,6.69842568954518,6.725765687286261,1.375396163251074,0.8808998545234571,0.2826454932926197,0.092826288715601,0.0074264708508814,0.0011833502134767,0.0366675645656866,0.0087484020118519,0.0011347629233228,0.0047083318924339,0.157273096600322,0.622829075499846,1835.2875802119088,297.5436268735337,1276.6192924341578,558.6682877777561,3.044036770048047,1.8296,0.9402,0.1548626204337083,0.1844618454366726,0.2880322949294948,0.0899041935842884,0.1372529954715014,0.0731843739964173,0.0723016761479165,46.573,170.923,111.775
Panajachel,775.0171233865212,0.6225786413693538,0.1867470029089846,0.3116337558979568,0.1004042103333055,0.1403872856657179,0.0537951425683855,0.1925516011663969,0.4170672410047147,0.2552357228445672,0.1170144071996059,-0.0022221175493263,0.6275745455381357,0.6473297798547433,0.624628095855292,0.5783865473563873,0.6251558545510492,0.6131019152396768,0.6005260347799238,0.6777174437864407,0.6096929790762136,0.6320396695734846,0.5672412873042739,0.3475908732933724,0.3181099846355192,0.2950746312509313,0.3281632297225485,0.3271111727098259,0.3031476333074536,0.3635911458269373,0.3034319696522582,0.3211023249578446,0.2750376249637998,0.1617509323113522,0.144154540733245,0.1317405717020443,0.1504895456901875,0.1497719304043476,0.1358498261833237,0.1709904646455926,0.1358361729388062,0.1458705232824535,0.1199966256933558,,,,,,,,,,,,,,,,,,,,,,,,,75.2744262753337,58.197583624902144,35.37898034940679,27.352864303703942,129.8408578823231,84.90955283857635,52.59829641556488,22.36538457824342,3.658410143646413,0.0,0.0899820861816406,0.3599348876953125,0.3599337402343749,0.2699522888183593,3.01073803002451,0.44991806640625,0.7198705505371094,1.529703479003906,0.4050971183268229,0.8288971862074908,1.706495425594554,0.0,0.0,0.1799656982421875,0.5398990356445312,0.8098478942871095,0.9898089050292967,0.0,0.0,0.0,0.0,0.0,0.7806033790782108,0.5113716492670799,3.3248,6.3171,0.6174999794681235,84.58683788314104,83.06347112885169,72.56631813938176,54.22279881400506,35.727816362518226,29.14346776070717,46.0710675939801,38.45704697718145,29.165114517030545,35.60307299851281,62.134581969805865,82.5926660022091,6.572999071705937,6.766860913166602,6.971360435088947,7.212825366447725,6.8687135832056585,6.592159060321713,6.7876522416669145,6.594848222068964,6.382341170331779,6.346752893955006,6.406008079056611,6.4431053202093285,17.23451749690887,17.341270372694044,17.505478992216055,18.8462150630951,20.290542194120352,21.17688966560365,21.479390158253334,20.780968903572337,19.445570166778573,18.40069460407381,17.314383016204843,17.237757096670215,2.515140111936938,2.0415919052263383,0.8344740683990106,0.3040323047075774,0.0162359503051873,0.0031650343425671,0.1219652191215874,0.0306993795927024,0.0031163896287014,0.0165019113596901,0.5802414710127418,1.961978812668944,6.729581872090177,6.850634417660175,6.986742003142002,7.372060935286764,7.440537579721067,7.414311280872086,7.583887643334534,7.354674619331046,7.011484410180148,6.816044348744651,6.655749385852179,6.661445563607371,3.247496038029555,1.710310204395056,0.442228734012424,0.1655742551998449,0.0088840110034243,0.0017287136560588,0.0673958874743925,0.016698518200073,0.001654472582146,0.0086373011708481,0.3001270805382648,1.4392645373553945,1228.0266478063193,282.5927313705803,854.2108207541914,373.81582705212793,3.044036770048047,1.8197,0.9351,0.178172872545834,0.0890434779429541,0.0189172033030385,0.2259822947700061,0.1599082702554238,0.1568134424840518,0.1711624386986916,35.379,129.841,84.91
San Andrés Semetabaj,5315.316412077782,0.6576904631489753,0.1598092509537,0.3246059639998195,0.0806014662434239,0.146029316821571,0.044538993936667,0.1920671390657218,0.4314512418147598,0.2758687639622365,0.1087603406696275,-0.00013406448700893257,0.647698334579588,0.6832448506740221,0.6392393892302534,0.6058832715166377,0.6615679896634399,0.6070561492177106,0.6222146888519665,0.721816884041234,0.6477853030431059,0.6714669494286404,0.6106749682134467,0.3576470597597022,0.3196389345329643,0.2999383385208969,0.3440047772483003,0.3044442267440244,0.3093989856977892,0.3764889718625898,0.3184223606308402,0.3382413964160033,0.2922938755787477,0.1656928409380622,0.1433163799266777,0.1328155345429734,0.1577470407856698,0.1350905832834029,0.1376944237651066,0.1761978525203922,0.1427470704439186,0.1540644044675065,0.1282972406355022,,,,,,,,,,,,,,,,,,,,,,,,,82.5240562151394,52.84044860983201,38.78630642111543,24.835010846621408,142.34574456549538,93.08713541067657,50.73731593014045,21.95904578047502,4.627456707829663,8.1817723769244,11.87718654785156,7.468314807128906,32.18536360961912,3.149248364257813,45.42035343211456,7.468307232666015,11.603863101375804,7.6910278660433935,24.658125752982343,8.817773767089843,11.311525938864316,3.329212371826172,4.527113994786879,7.2882417236328125,9.931979527516084,20.646501762264485,13.367346415273625,6.055005296247891,4.35636404033586,4.781211450674018,7.222610809493718,3.766405083318972,0.8899443236539181,0.5588433436383039,3.6763,6.985,0.9732851520927134,84.89445061847748,84.78305872788597,76.88579181026577,58.41218365750194,38.08549693692232,29.596902866026586,45.629203962791046,38.97370115079418,29.43293450076599,35.99384917887963,61.396839467950144,83.87993757786965,6.592252394933338,6.801454491302051,7.029870572054446,7.311937377827401,6.940516180911486,6.626183991146175,6.817403731242233,6.6294300197546345,6.403955423716589,6.362450648159957,6.417854486329087,6.457744814473939,17.346203007699742,17.46015080103889,17.634877486419686,18.984604106359782,20.41940424851002,21.293840963248066,21.598592065270843,20.90138632876937,19.558579873217965,18.51121423584388,17.422978598591207,17.348287922889785,2.6492105575855174,2.592536530611842,1.078099045953485,0.4343356797211214,0.028698482827472,0.0036983820917244,0.1171994353997248,0.0351185689113063,0.003448201171454,0.0189099974301047,0.5603348230784044,2.377491652471164,6.760929543093015,6.891546419821802,7.041881307628389,7.450161861890534,7.504165001261187,7.453713281332361,7.621015100977659,7.395006578702971,7.042848464872785,6.843993256433935,6.682133886590449,6.689854731286289,3.880964309078714,3.786351587461544,0.5735567646895592,0.2378152129990573,0.0157754896431895,0.002025160747998,0.0648992109733428,0.0191500260893167,0.0018342987372705,0.009914308879693,0.2902977614803987,2.796837694332477,1156.3294186839698,309.7131170974048,804.3384918077408,351.99092687622874,3.044036770048047,1.8098,0.9301,0.1214313283621977,0.1388455831339129,0.0153445509804142,0.2427266042153226,0.1698159180236328,0.11928860128493,0.1925474139995901,38.786,142.345,93.086
San Antonio Palopó,2620.92948503588,0.6731833045597894,0.1366518644937423,0.3482218627651706,0.099472586885512,0.1607299580813672,0.0566502487688675,0.2059493987208097,0.4496337353965194,0.2839975238093452,0.0945335350698979,-0.0011834472034503,0.6643343555794953,0.6864506152561864,0.6484544437409702,0.6489393451840647,0.6584314329509612,0.617154334658478,0.6356613959931688,0.7407617042471508,0.679852252278956,0.6837703608711065,0.5906125464586311,0.3837233984709605,0.3325765520536298,0.3372788946674184,0.3567015859227592,0.3227876617051272,0.3305029937700121,0.4059634321909574,0.3525601185684335,0.3591094516232836,0.2962130568353996,0.1820314348227189,0.1517837644927773,0.1550928808671707,0.1666925857226605,0.1466789160971134,0.1510010424121639,0.1951495446362586,0.1631782876470695,0.1670047785020404,0.1317712352443557,,,,,,,,,,,,,,,,,,,,,,,,,78.28054502249404,46.47824302173088,36.79185616057193,21.84477422021381,135.02611210929945,88.30045478537284,55.55086756235698,22.266506131562227,4.062773365612074,2.6951065369849103,3.689241711425781,6.118689556884765,4.256890907173904,1.349693731689453,1.1697382446289062,6.028679321289063,5.3088167236328125,2.5194409912109377,2.519432049560548,1.349704327392578,3.2318353007477403,0.6298471740722656,1.349682452392578,1.1697264221191404,2.249475787353515,4.409776240449792,1.2597176208496093,2.0695687438964843,0.6298689331054688,1.3497064453125,0.0899812255859375,22.76483308105469,1.011815181180984,0.5856729493104766,3.2509,6.1767,0.652634080810574,84.18080850456744,84.57988435350255,75.3115392860042,54.55892741799767,34.63387807514665,27.550640896612432,41.3800874378355,35.66234647197312,27.419269112318347,32.46409076471842,53.70221436161014,81.20541451128682,6.675104049189369,6.909754477062998,7.1091531098197445,7.336442007309761,6.904621218518387,6.634574334135187,6.846113798120019,6.644031926527751,6.413106165369534,6.370853764120299,6.440680802027647,6.51126786293088,17.667201200366474,17.781212427966082,17.93621102269682,19.25883918362108,20.67456165302561,21.55684513548918,21.891353073786902,21.178704874186085,19.822485281922106,18.778508255728912,17.71050113938798,17.65736022235374,2.35965747762578,2.4399765387788324,0.941416528504633,0.3121040765919298,0.0135215870718603,0.0020781905869524,0.0619413453849976,0.0186134824130627,0.0019772521789853,0.0087726785761348,0.3274668676683351,1.7066242641542049,6.865362300788789,7.009639182321969,7.141624643840912,7.515431805065832,7.525631761321635,7.499019817318895,7.684218771336956,7.447120371988056,7.090788354777868,6.894093050335026,6.746949051342689,6.775799263294761,2.827511342880672,3.209340119513736,0.5042333523990101,0.1715206172223655,0.007436810582904,0.0011408098145886,0.0344275240762287,0.0101810359034379,0.0010548751952023,0.0046133276974825,0.1703120613275748,0.8898370931136851,1395.4337424117955,318.0009072745157,970.6585802050694,424.7751622067261,3.044036770048048,1.8663,0.9591,0.0764159187342823,0.1158250786127935,0.074468621296929,0.2170492775298145,0.1200172204278271,0.2107856576969732,0.1854382257013804,36.792,135.027,88.301
San José Chacayá,1584.6766911688003,0.6829717963864105,0.1575659460947517,0.3611485141497909,0.0940051006258148,0.1675933990830785,0.0536185489432441,0.2003067039470555,0.4519227746568665,0.2943541604322689,0.1092910606554506,-0.0025821647516237,0.6996414344693145,0.7162147217048004,0.6669634642037641,0.6593886868999352,0.7235231457131323,0.7171197808338706,0.6427382785169217,0.7420632926793385,0.6729209827629342,0.7069210275717196,0.6323635499836591,0.3915383254505503,0.3621048260525847,0.3507022971440514,0.3994562597066134,0.3971129989691699,0.3423736129731242,0.3993825413045673,0.3526451019859811,0.3841923364346126,0.3274661229829584,0.1858259200464841,0.1688363875065995,0.1616594613759026,0.1904789782797795,0.1883977961602093,0.1574456228546005,0.1903854899673015,0.1626318847611293,0.1810760513070191,0.1488316809538057,,,,,,,,,,,,,,,,,,,,,,,,,93.99050542558848,52.04818027421229,44.175537550026846,24.462644728879454,162.12422280859855,106.02129012006426,59.35368025252765,22.991024532715688,1.0278961305806904,1.4472482819441252,3.8530270119820393,0.6299298461914062,11.338911029052737,6.601494709209367,3.5096363708496097,6.119443902587889,1.570804876708984,6.845739024155563,5.399519097900392,1.7098260437011716,4.857059544366575,8.459234649658201,0.8999180969238281,1.349851153564453,1.7998227600097656,2.204614297138289,4.049623394775391,0.4499572875976563,1.1698865783691406,0.1799833068847656,0.6299315734863282,1.0086045980057063,1.1840881679760773,0.6741337930308278,4.1447,7.8749,0.6174999794681235,84.58683788314104,83.06347112885169,72.56631813938176,54.22279881400506,35.727816362518226,29.14346776070717,46.0710675939801,38.45704697718145,29.165114517030545,35.60307299851281,62.134581969805865,82.5926660022091,6.572999071705937,6.766860913166603,6.971360435088947,7.212825366447725,6.8687135832056585,6.592159060321713,6.7876522416669145,6.594848222068964,6.382341170331779,6.346752893955006,6.406008079056611,6.4431053202093285,17.23451749690887,17.341270372694044,17.505478992216055,18.8462150630951,20.290542194120352,21.17688966560365,21.479390158253334,20.780968903572337,19.445570166778573,18.40069460407381,17.314383016204843,17.237757096670215,2.515140111936938,2.0415919052263383,0.8344740683990106,0.3040323047075774,0.0162359503051873,0.0031650343425671,0.1219652191215874,0.0306993795927024,0.0031163896287014,0.0165019113596901,0.5802414710127418,1.961978812668944,6.729581872090177,6.850634417660176,6.986742003142002,7.372060935286764,7.440537579721067,7.414311280872086,7.583887643334534,7.354674619331046,7.011484410180148,6.816044348744651,6.655749385852179,6.661445563607371,3.247496038029555,1.710310204395056,0.442228734012424,0.1655742551998449,0.0088840110034243,0.0017287136560588,0.0673958874743925,0.016698518200073,0.001654472582146,0.0086373011708481,0.3001270805382648,1.4392645373553945,1329.3464780220654,338.2835157834748,924.6885220987622,404.6579559233032,3.044036770048048,1.8633,0.9575,0.1402253891337583,0.2378892455141215,0.0509861333381016,0.1678252764838938,0.0922922012319962,0.1790734995663875,0.1317082547317414,44.176,162.126,106.022
San Juan La Laguna,3731.162422329316,0.7853999471900751,0.1214841398213548,0.4279671533845968,0.10424360301689,0.2084022804707212,0.0624826861894408,0.2946858892510076,0.5641212985291714,0.3723131517896582,0.0873926534513719,-0.0006684720595126022,0.7878071839719872,0.7925427096794453,0.7857068777699878,0.7698948176802582,0.7919045172665944,0.7908884836950665,0.7697129166848644,0.8074042906583137,0.780848313222078,0.7946728113274245,0.7644148590577036,0.4477783520508362,0.4309515819145275,0.4100170119895078,0.4352825411492532,0.4334595833179001,0.423886366257165,0.4395413483168408,0.416902262490654,0.441505013856215,0.4176256392669719,0.2215422628943234,0.2105600205621968,0.1974184605477278,0.2126011430023468,0.2115112511423673,0.2059253171003559,0.2160212162191383,0.2020460575386205,0.2171305036833687,0.2018672167254392,,,,,,,,,,,,,,,,,,,,,,,,,129.1054030034545,47.12760837341054,60.679539411624056,22.149975935501317,222.69390964065937,145.63089458789764,84.03309129539001,22.9759897259376,1.293264516539146,2.4299497619628907,1.1057369387159162,1.529985479736328,12.040538498942052,4.054220510182102,14.638379594032427,17.101948032154766,2.6099370605468755,9.38251735263002,2.429926391601562,2.2499628967285163,8.151001578871782,0.859404051322189,1.7099607299804689,2.2033821775189564,3.05992974243164,19.709671783447263,5.669936767578124,1.5299753906249998,1.7099992675781253,7.470070092773439,5.580040283203127,3.689992144775391,1.4869045537490493,0.7708365623801295,4.582,8.7058,0.24314088528614397,82.51786587744503,80.38398058720173,63.48726268484597,44.464225185006335,28.473039866253025,25.276788376933972,39.37225964460082,32.4646412841381,25.76079025016229,29.06303721163492,48.162539499357926,78.88460778930867,6.710872665168973,6.9205322185957785,7.047843690686166,7.184588710854433,6.793372457299727,6.609609890661688,6.863558967896783,6.628248779605979,6.404395264211333,6.357951306293215,6.447192471605532,6.54422801759058,17.844552077237402,17.934468916601045,18.05710940612024,19.35849197073065,20.79246367534516,21.69713059901377,22.05802773563521,21.331031674974323,19.97360011719925,18.92952492250265,17.879249252182404,17.839397025572637,1.779712434484265,1.3882309261062489,0.5565833606550268,0.0889400604905993,0.0026590644826214,0.000965430955975448,0.0390150850579917,0.0079679433923243,0.0011093852239323,0.0032519718138595,0.1647675521678416,1.2253947149678064,6.917719343514808,7.044879746399203,7.134262158066663,7.453454313919716,7.47829249600205,7.504131216624043,7.720790044644805,7.460590139517095,7.109519640621707,6.911797357841967,6.780974214848105,6.827091808785145,1.026644047905406,0.7861480157009866,0.2981696770983854,0.0487795270178755,0.0014593851536474,0.0005303109252403639,0.0217443598677787,0.0043632567167216,0.0005928141260953886,0.0017127804552533,0.0859325906892274,0.6416138577771101,2184.329812004505,333.95701227089995,1519.411785439121,664.9180265653853,3.044036770048047,1.7709,0.9101,0.0436315228643452,0.3001495454017265,0.1969417623572432,0.0737420603847473,0.1723814554587873,0.1514443397179375,0.0617093138152154,60.68,222.696,145.632
San Lucas Tolimán,7394.3656981379645,0.7847217640328582,0.0972977791841383,0.4696030403552417,0.0862976182492871,0.2341629935021972,0.053472984772742,0.2872694766666137,0.5616033315179052,0.3693299836847124,0.0709139703616228,-0.0017043760290374,0.7915137763115714,0.7990324682144553,0.7954777853143821,0.7744429453271735,0.7684503999604806,0.7891881620714064,0.772836878881632,0.8127511706465036,0.7818868484883691,0.787361762237941,0.757012420666637,0.4904936142297058,0.4792761671008795,0.451367575923717,0.4678458961877069,0.4816545430564614,0.4664367828483353,0.4930520004677136,0.4682777724484824,0.4713651304195531,0.4418260679295619,0.2481149230686042,0.2406285605188005,0.2223681458633093,0.233963003017574,0.2422556835858473,0.2322937795095084,0.2496856166493225,0.2337009098197481,0.235372867785456,0.2164853350070409,,,,,,,,,,,,,,,,,,,,,,,,,125.59928647371903,52.34206016908437,59.03166464264837,24.60076827946841,216.6462092385192,141.6759951423575,82.62157283086988,23.0324900623088,0.4078243134048803,5.132558444632736,11.876320948294843,17.996530914306646,46.28884202768364,10.43798735961914,28.43453455200196,39.058071308521946,19.70448593726064,17.006828253173826,25.14190706128888,29.472014948945883,61.054182767717,7.649553891745175,14.896288158605238,5.129028503417969,40.79683827911976,46.736641204786096,52.02158681427603,9.175509309919768,19.04387215501973,14.826825477677886,24.65450098623236,26.87036665424421,1.2567730925788854,0.7425437193416857,4.1217,7.8312,0.3000298228373336,81.70703922792055,83.6924252108711,71.3079892568833,49.22496709300068,29.893736194463177,24.393915810113008,33.70902840762843,29.58296805301124,24.27697069603246,26.4701621520274,41.01402433458335,76.1895445552006,6.811803232358881,7.094722551273953,7.253681160043489,7.450209233071535,6.920174445893683,6.6731661156219095,6.850141353835319,6.639863444199658,6.430891531043833,6.370117865574208,6.456544036868832,6.597968162296758,18.268217819179927,18.38151869705701,18.509053838562256,19.806734122901133,21.191382630094672,22.07104769383135,22.43704737673665,21.700541055885125,20.334230228739774,19.289569959218305,18.252014884764584,18.24476688158453,1.5730553252836046,1.9779792418444893,0.722160922655858,0.1629531453482059,0.0037006322796479,0.000712315625694056,0.0119527418601978,0.0037992949171398,0.0006852922898403319,0.0015359424837624,0.0561111309187832,0.9754953487211314,7.050820612040965,7.221358219231339,7.327865989760229,7.679174808380179,7.619645399883656,7.600914520693021,7.769708177614717,7.52404499366704,7.182653300595589,6.978547316776829,6.852612932573011,6.9302383612078655,0.8645147542458979,1.6969321346982242,0.3920060468666977,0.0905693312663904,0.0020481847236608,0.00039374752818494127,0.0066805539776075,0.0020888310541472,0.0003680138590321672,0.0008125341248974849,0.0293982444372054,0.5145454972660575,2203.88157636818,363.83305379966095,1533.0119208385645,670.8696555296214,3.044036770048047,1.5612,0.8023,0.0241566567934185,0.1986591055796057,0.3705053997923107,0.0577836714027955,0.0462566330223294,0.2649578368510124,0.0376806965585277,59.032,216.647,141.677
San Marcos La Laguna,921.8045564314498,0.7471079876174515,0.1047160932599275,0.4355674582703059,0.0890853967169445,0.2127155760893793,0.052603950597423,0.2713165645418621,0.5421225484571974,0.3380969438320756,0.0755859309040392,-0.0018911793499866,0.7535944729733293,0.7697054165716163,0.7221621718645166,0.7213119271651716,0.7830906018217417,0.7621542528522874,0.7030129826869371,0.7888394858516198,0.7371907519512518,0.7687133801876153,0.6946606880311522,0.471740115418415,0.4238371919768065,0.4234826433026158,0.4847889830730271,0.4646854338661682,0.4048952958173575,0.4771671696418117,0.4224285941872766,0.4616500453605202,0.3877733892525274,0.2366400741894598,0.2060397904126076,0.2054072677236356,0.2452298410104529,0.2317827704549171,0.1943881274318298,0.2392748383063669,0.2043560875832504,0.2294451904631275,0.1833722344494081,,,,,,,,,,,,,,,,,,,,,,,,,110.86999147967056,47.14302723336475,52.10889599544518,22.15722279968128,191.23964830328455,125.06135038906838,74.77846817415073,22.87820456297685,2.3634527138624706,0.0899933288574218,0.7061859612199372,0.0,0.7199492736816407,0.6299633422851563,0.3599764221191406,0.0906993546070772,0.3599777709960937,0.0,0.4499697631835938,0.1799881103515625,0.8999392211914061,0.2699826293945312,0.0,0.0,0.2699811462402344,0.3599772094726562,0.0,0.0,0.0,0.6299545898437501,0.0,0.0,1.3108012101195148,0.6428046749691543,4.2434,8.0625,0.5567520171689694,84.28563319080516,83.00806476626124,72.0772609331162,53.26313152913744,34.76990311406769,28.51378848541093,44.73251202287389,37.43160184316748,28.58802132182742,34.44224038727696,59.30160456866514,82.10963982596928,6.598724276735963,6.796286690374925,6.992289663518842,7.224830215723077,6.868788168415115,6.602586393469034,6.809211446550971,6.609188519200045,6.39197196372751,6.353038129277284,6.416868631497067,6.462750057623288,17.366505886165786,17.4702712570722,17.628962458157876,18.96525782258171,20.40666647407427,21.29422104116168,21.60874575751169,20.905048311154424,19.564727993229468,18.51971729002571,17.44020932758877,17.3695954180121,2.399245043193572,2.005562863203062,0.8124558732385267,0.2763845676502802,0.0136376162717716,0.0027212078415686,0.1027364812678201,0.0258486005674539,0.0027087973728736,0.0135012253383736,0.4881360021276198,1.8460507016696732,6.768138693821469,6.890823090666784,7.021742051255423,7.400962647015419,7.459891503856607,7.438785734764115,7.617449902087279,7.382928975079206,7.036532879212535,6.839907686849276,6.684675000557024,6.696434940088998,2.8642126306150466,1.6331163510994264,0.4315713211585278,0.1507436862100826,0.0074674639379938,0.0014877878871318,0.056839319591545,0.0140746503682561,0.0014396984010445,0.0070721948553593,0.2527731889290395,1.2602259129741795,1685.2162847072923,386.6401547718608,1172.2302510940156,512.9860336132757,3.044036770048048,1.6695,0.8579,0.0299529245313106,0.1678666408957519,0.2027015655062197,0.1090159647742848,0.0371842790759513,0.3683548793294846,0.0849237458869965,52.109,191.24,125.062
San Pablo La Laguna,615.7612457606944,0.7588997039173873,0.1127766069403041,0.4522409274973972,0.0944441795351421,0.2238124917884543,0.0562463917668763,0.2804920310727747,0.5488807225804424,0.3491308927648536,0.0760463223317522,-0.0026178764041709,0.7720375659133255,0.786712859385331,0.7489047753976602,0.7400922106056421,0.7944633253494596,0.778277818574411,0.7160029653009109,0.7919402251014581,0.7487844485729522,0.7796754070876382,0.7177171855700981,0.4933679086309832,0.4540534054355196,0.4461777642321484,0.4945836217505396,0.4865439128310704,0.4197908943203031,0.4909062171919178,0.4394191058548676,0.4749802671116801,0.4118052559701433,0.2514421460399811,0.2252299977174149,0.220647015328546,0.2516356460249177,0.2464185366198835,0.2037706040186583,0.2491735381177105,0.2156246774454225,0.2385807409119835,0.1981818416462059,,,,,,,,,,,,,,,,,,,,,,,,,122.03503205128038,45.70091401919691,57.35646506410178,21.47942958902224,210.4982267852533,137.6555161538443,75.79666694367559,22.990643496301963,1.0162411199072103,0.0,0.0,0.0899964660644531,0.5399760864257812,0.629972265625,0.9899587890625,0.3599799804687499,0.0899951538085937,0.0,2.406962379246132,0.0,0.2699882812499999,0.0,0.0,0.0,0.3599847717285156,0.0899958251953125,0.0899962890625,0.0,0.0,0.0,0.0,0.0,1.36785389605545,0.6781612602992808,4.4793,8.5107,0.5391670807139511,84.1984423588132,82.99202608235348,71.9356917418288,52.98533310457049,34.492612436884635,28.33151290571992,44.34503541018525,37.13476246226869,28.420968028479148,34.106209894550794,58.481532163071776,81.96981645916301,6.606171046613077,6.804804678514176,6.998348124380128,7.2283053036712035,6.868809758870484,6.60560483201168,6.815452269017408,6.613339657843252,6.394759824973642,6.354857539502152,6.420012475624566,6.468436692137856,17.404713051476996,17.50761361833956,17.66470767198314,18.999717568748885,20.440281397218826,21.328185386717955,21.646190799402262,20.940966034401864,19.599221048254723,18.55417122543284,17.476632733515697,17.407759142611066,2.3656964706625976,1.995133403670008,0.8060821851657552,0.2683812753442205,0.0128854669463092,0.0025927317491743,0.0971702676785717,0.0244444276917241,0.0025908101409235,0.0126326057006241,0.4614738927135056,1.8124925642751477,6.779299879059474,6.9024566539055385,7.03187364413036,7.409328931989504,7.465493955580053,7.445870445101281,7.627165292778865,7.391107867532621,7.043783751827173,6.846815495247985,6.693048204813691,6.706563443807363,2.753262170574005,1.610770761987533,0.4284862805955577,0.1464506267656778,0.007057410840106,0.0014180462171793,0.0537834709938786,0.0133151096800986,0.0013775269275677,0.0066191377640336,0.2390654834632111,1.208398942758565,1697.7404473884496,382.0092979490939,1180.9420126036232,516.7984347848264,3.044036770048048,1.5581,0.8007,0.0302349594594983,0.1229946185683839,0.2875381460378455,0.0758307279457657,0.0413809369040805,0.3958628267040961,0.04615778438033,57.356,210.497,137.654
San Pedro La Laguna,5084.320703624207,0.7971010293696411,0.1052284851593869,0.4383707411863153,0.1093635766685344,0.2150378213435389,0.0651463418561987,0.3102124112686764,0.5849285894403234,0.3804988456339234,0.0756083168419197,-0.0004906040035132786,0.7953710033630355,0.8033242578868346,0.7911332466634858,0.7846928379946608,0.7958545604574772,0.79491359453238,0.7729962226088809,0.8185604519731394,0.7899147453916653,0.8037974381179581,0.7764454978457779,0.4616437153532369,0.4402824521136361,0.4211590755230966,0.4384241286637862,0.4363677582717202,0.4248372316324519,0.4514679752649839,0.4276513777579053,0.4477300151827271,0.4281406939423731,0.2303569045067768,0.2166056704564265,0.2042086456138246,0.2145008284132686,0.2133086988020697,0.2067486738205706,0.2235151839643185,0.2089966053412617,0.2209015896791171,0.2085723978455267,,,,,,,,,,,,,,,,,,,,,,,,,142.728124958821,48.52646536236711,67.08221873064659,22.807438720310948,246.19174274147,160.99732495355133,88.42045127309548,22.96615629481201,1.335735771684458,7.191190561810662,2.7640989034016927,5.039798822021482,11.002129013719744,3.097331650582107,3.869839288330079,4.628294265711167,2.2431970262953813,6.119698510742188,1.3499354370117187,3.3298731384277347,9.450917769200942,2.6098417541503904,5.579690264892578,1.577196956140855,1.799887744140625,53.755254787477966,12.779204333496097,8.099650506591798,4.1397874084472654,4.13979496459961,0.989938525390625,2.789882354736328,1.5307692976785523,0.7713845818974682,4.4009,8.3617,0.2978870798035756,82.18434368412913,82.3553487660219,68.2972051023806,48.398370929743336,29.9891623707288,25.21482903919443,37.1295097499437,31.636198846771705,25.512507338317132,28.129463819047405,45.038686520646905,78.48109704182019,6.762274628916727,7.007779816840785,7.167801367776665,7.364802432507423,6.890002116340563,6.652960071871568,6.862391912928539,6.642226677035811,6.427181320737914,6.365238381541045,6.449822650784685,6.570984584635962,18.093251095761044,18.19514878042698,18.327116637763105,19.63462485538086,21.03894857747245,21.924502301603457,22.28826321044309,21.55753377163494,20.19713028618281,19.14929108605234,18.10373650157438,18.07989628942896,1.7281893726865365,1.7157934092658669,0.6712480840546601,0.1533054063763527,0.0043768280957257,0.001034679291509,0.0302351106708562,0.0077795471040679,0.0011108251327876,0.0032337545921157,0.1352753490770586,1.2242869649899808,6.991649495497341,7.14035385656417,7.248382278499211,7.60144169994519,7.576487138102164,7.565892928599421,7.754871683450092,7.503693326325184,7.158657116530006,6.952270084194889,6.822281511316897,6.885432043949353,1.276859068676391,1.111192003876701,0.3620348025786027,0.0846007277895661,0.002411432463298,0.0005698408369347945,0.0168599900550981,0.004265888637336,0.0005948550721396144,0.0017047692970655,0.0705776221159801,0.6429739562437943,2246.1522439170017,319.91490350798534,1562.4152417560806,683.7370021609306,3.044036770048047,1.7368,0.8925,0.0217911189376143,0.262969024715073,0.2538499995959174,0.0586718591719877,0.1591569809972585,0.1674694437067229,0.0760915728754252,67.082,246.191,160.997
Santa Catarina Ixtahuacán,19046.50883338363,0.8010847407746824,0.0967171593659099,0.4607337090033151,0.1039556408672369,0.2292544181301928,0.0651513111233985,0.3072397854531032,0.5892230874530195,0.3833307467581077,0.0725247999270573,-0.0006369363904399047,0.8022410344614799,0.808273092621557,0.797270262808654,0.7872158513634172,0.8022743202409587,0.8050694928792578,0.7806180335891116,0.8289447804647213,0.8029680031310816,0.8070474204518352,0.7740669494944106,0.4776085059082209,0.4669832744225048,0.4479964881795393,0.4695992452837815,0.4777993450093176,0.4464793157740459,0.4846673817782278,0.4633437232849345,0.4699571794890716,0.4377399617061842,0.2407326483455866,0.2337653325033934,0.2209763143996773,0.2349468023087736,0.2405144281566223,0.2206944901684634,0.2453075041430593,0.2313111472629178,0.2350703858139241,0.2143177625850295,,,,,,,,,,,,,,,,,,,,,,,,,116.61603713604616,42.307276305970525,54.80953745394193,19.88441986380646,201.15100245596707,131.54288988946078,87.37782098224305,22.98491455974928,1.167833311158189,21.252143449300124,7.560279852294921,18.04702364813113,42.69357091038125,15.779949244336898,19.337751997788374,22.256826083816836,10.14837870172239,13.735615200123512,11.250706823730468,8.781025615569469,35.98447376156078,2.2180491955087698,8.972545172047337,3.782403733340993,23.926662391764324,20.13862236395144,17.521762993235868,7.010140524088542,14.457129332131776,12.240848815917966,4.590370947265625,26.16288937164905,1.3896494921956468,0.7531757626347387,4.8121,9.143,0.23239939263274026,81.94229633798514,78.29283308466994,59.7539559462449,42.07687137737697,27.77193433438729,25.411293220089608,40.4972827713219,32.76518107943465,25.97409314981964,29.733168159026523,50.72401378134342,77.98936069553173,6.661185947580781,6.854043584390597,6.96146338262654,7.068162840644438,6.731305031489812,6.569648404096195,6.815224880688851,6.586351889371869,6.375643866382662,6.337353823937432,6.423999737765235,6.509970535968972,17.613831911841626,17.701488677120167,17.818786589359217,19.11710518552469,20.567218952565003,21.480398125198786,21.82668659659747,21.105255043628198,19.75605228547828,18.714375091582788,17.65842940986405,17.610998613907206,1.6973411428266414,1.153538319859239,0.4550120316468721,0.0689598830516013,0.0031626710701648,0.0011805304073425,0.0567644456843193,0.010290244794641,0.0013393304731582,0.0050832870107326,0.2523437049497334,1.156592499530625,6.847644442690915,6.9653277134424,7.043280001840542,7.345691002970017,7.403596279477691,7.44558219961422,7.654419207632861,7.399070974713136,7.056795093612846,6.862990410558945,6.727617129682282,6.766099236036231,1.1241498467230708,0.6097989671843266,0.2418707146934517,0.0374465426538103,0.0017250267939746,0.0006443177451215146,0.0313865751049576,0.0055940650811079,0.0007113000069459541,0.00265927147624,0.1306201540611967,0.6021859300686793,2058.44012738064,361.8692507947551,1431.8433837117354,626.5967436689043,3.044036770048047,1.6094,0.8271,0.0184141382807344,0.2237522070349373,0.3898590319058954,0.0537205969140372,0.1258377005655465,0.1454313481734511,0.0429849771253974,54.81,201.153,131.544
Santa Catarina Palopó,474.7223113555237,0.6550868445355988,0.112875030171873,0.3053318750720297,0.075052171393491,0.1346551076513492,0.0401230372525391,0.1684566837609897,0.4211113878651455,0.2677537471216595,0.0764401117760992,-0.0052713402071278,0.6744997757589947,0.7072974316512252,0.627391351251761,0.6350577044708706,0.6684222921250398,0.6384901514007908,0.613908172798041,0.7538333332469775,0.6468921578925072,0.6758159416558646,0.5406789117761069,0.3640925181684242,0.2890773625604474,0.3016673765238488,0.3265964992728523,0.3111649377990633,0.2833616302022064,0.3999369958306343,0.2982329132201876,0.3245315129531554,0.2376059320443222,0.1684836963991464,0.1260846939528496,0.1334624516112474,0.1470546621699521,0.138070099889717,0.1226146474343815,0.1902195492536647,0.130830291936814,0.1456170201098001,0.0982753221503935,,,,,,,,,,,,,,,,,,,,,,,,,118.23885150236308,63.04671985986514,55.57226020611065,29.63195833413653,203.95019495642623,133.37342449466564,72.40164172297999,22.905040196976604,2.3074986281425875,0.0,0.0,0.0,0.0899822204589843,0.0,0.0,0.0,1.352907965686275,3.2241898328115424,0.0,0.4305040475882736,2.9722361055261945,0.0,0.0,0.0,0.0,0.2283050751091452,0.0095274122529871,0.0,0.0,0.0,1.5829662669462312,1.1824733834779029,1.2294649587346669,0.5670514156896482,3.2109,6.1007,0.5156027279935606,83.99902331881394,83.20048164170095,72.11280657301813,52.55414803897549,33.82393540712656,27.765454130024963,42.97598112539461,36.2112416882464,27.87480106301081,33.031141342045444,55.689867627043554,81.59194063964742,6.634909930276929,6.840669294073202,7.029018283059463,7.252224109491158,6.87436784431257,6.618143468501171,6.838539536623555,6.630551512904325,6.405690977448179,6.362657620508154,6.43189093172787,6.4894229185807895,17.541826054656568,17.643723139308918,17.796476157034604,19.12662569367546,20.5618125714245,21.449897464152752,21.77980867153819,21.069648908342643,19.72186491426741,18.676728666753824,17.605638736070915,17.54318675030882,2.287645965407698,2.04262035117569,0.8138644537440022,0.2558887707548858,0.0110673642833855,0.0021774400378554,0.0769749662856927,0.0198910305825603,0.0021918418524026,0.0097018733606363,0.3709539499882217,1.7222833459314535,6.820426389414164,6.9473464603617305,7.073443178325069,7.445997598926072,7.489018259988306,7.472366617123042,7.662352403727911,7.42188492716255,7.070199688120065,6.872181663424989,6.723131113732388,6.742954423220127,2.5100532195397776,1.826099846678368,0.4339649780735728,0.1400237368686723,0.006072339676441,0.001193122452545,0.042705334925719,0.0108580417865503,0.0011676368113909,0.0050925768677922,0.1925971455897689,1.0174047566521291,1205.846055364759,292.72012638388526,838.7820822099873,367.063973154772,3.044036770048048,1.5852,0.8146,0.0553820511749222,0.0898649898831941,0.0040765654190267,0.2240693433924426,0.1060481488334338,0.1135372710289299,0.4070216302680506,55.572,203.949,133.373
Santa Clara La Laguna,1440.8754274672092,0.7523220102469743,0.1287978204086363,0.414200721778692,0.0949480481762954,0.1993248645014374,0.0561992855128672,0.2605500928307984,0.5269756981509515,0.3455316433770265,0.0903600488616421,-0.001498663767584,0.7591829032151162,0.7721624750718854,0.7441236684310962,0.7361450617819334,0.7763312785235738,0.7617557859839065,0.7114666428279498,0.7897595077580262,0.7382647451029545,0.7694827511482,0.7248972459803741,0.4563935232904086,0.420594800135044,0.4031244918929203,0.4433248316637686,0.4325178708192568,0.3838661377675235,0.44551302215854,0.4012249585004847,0.4382011690243719,0.3933347820032148,0.2265389973161839,0.2036105975956498,0.1926177381625032,0.2174567678962043,0.211025613113773,0.1812648398182982,0.2195002517287804,0.1915231942498481,0.214605604065197,0.1864299374790546,,,,,,,,,,,,,,,,,,,,,,,,,116.94007901460132,44.55325765283884,54.9618371368628,20.94003109683341,201.7099422922868,131.90840912847062,79.6506084984907,22.84275025465375,2.018938866074317,0.6857529313629749,0.1799957397460937,0.5399868286132813,1.389511902405982,2.3734885514801625,2.459951593017578,2.9134749649347045,0.989964129638672,0.8099875061035156,1.9887786409265853,1.1699748413085935,2.4299590881347664,0.0,0.0,0.0,0.0,2.069990637207032,3.1499146484375,0.7994025082337622,0.9899812927246094,0.6299898376464843,0.3599947937011719,0.0,1.3348608907609143,0.7098703227628377,4.7825,9.0867,0.29058623756411567,83.18809549927575,79.8499809192551,62.93523120855295,44.72126754204301,29.66754585666008,26.531494452285752,42.88491541704255,34.68133406645235,26.991579194966963,31.65879071924813,54.72457608696147,79.84669610275644,6.627619809221756,6.810395297409424,6.939386607039552,7.071916087865234,6.749832270896733,6.567117592424739,6.813806695894919,6.590266678808487,6.373778351108951,6.340432574356523,6.421313325067391,6.487441573973746,17.433787021729888,17.52195033400056,17.649381618198408,18.958504259125075,20.41415015538702,21.32427451094804,21.65773544992344,20.94388343281649,19.59877603811148,18.557789068976707,17.493099932658925,17.434852613654314,1.9829673673717143,1.332162018585294,0.5584621104660568,0.0916919134708464,0.003832126613248,0.0014959380538277,0.0749166071320358,0.0139606313795801,0.0016764286181397,0.0068724842638016,0.3361025213790357,1.3670965050183523,6.79606594570822,6.908102300924901,6.998957479839851,7.318602287285891,7.390303203189076,7.420712863478967,7.627888768205325,7.37706931077801,7.030885418982594,6.838946905543502,6.696671408092599,6.721737461135621,1.477017678543625,0.7148464092220699,0.2961097647723917,0.0497065047089627,0.0020876012769612,0.0008164460022683551,0.0414419280654744,0.0075936236423817,0.0008902147469693562,0.0035968297731119,0.1740335782845082,0.7188942717306633,1785.2131751761376,372.4825216986004,1241.787720415099,543.4254547610385,3.044036770048048,1.8293,0.9401,0.0530369612809408,0.2178536176426841,0.1677783281931638,0.1198526908141954,0.1182746239522473,0.2521167705558634,0.0710870075609045,54.962,201.711,131.909
Santa Cruz La Laguna,1130.7264544964366,0.7033009865535171,0.1117099273602562,0.4010081488813869,0.0939354654011392,0.1920968385187129,0.0528339286141423,0.2252202964488752,0.4895399848907497,0.3037487649440296,0.0772039121096161,-0.0020203142304571,0.7071377743919529,0.7369970412410448,0.660356218682928,0.67760555200978,0.7290031665593969,0.7159789554954255,0.6403485678490393,0.7690672667109492,0.684835345451396,0.7275196160164222,0.6387518735325735,0.4386123308663364,0.3777674424034445,0.3926172854376258,0.4388470851805517,0.4132151641753522,0.3582133186030419,0.4661967845016485,0.3865413745349239,0.4214550050709793,0.3484746482858066,0.2158262539868193,0.178867632529285,0.1877127784177002,0.2165952955807415,0.1998041443335677,0.1668807284549706,0.2332937407707883,0.1833313929247433,0.2046709176939363,0.1605244284686538,,,,,,,,,,,,,,,,,,,,,,,,,104.68047477359764,48.19496244290004,49.199823143590805,22.651632348162963,180.56335093697828,118.07957554461728,59.47978810049215,21.30852079420004,5.931041221497234,0.2269168295228247,1.0138885782877605,0.4499555847167968,0.1799800354003906,1.4970268882841222,2.519754089355469,0.6292306930003446,1.0798956298828124,0.7199238647460936,0.17998515625,1.0798853698730466,0.0,0.0,0.0899916687011718,1.5298544250488282,0.2699716613769531,0.0899891845703125,0.6299271545410157,0.8099228698730468,0.4499554931640625,1.799831048583984,0.2699747497558594,0.0010586905445772,1.345608468575739,0.6250616718050349,3.7673,7.1579,0.6174999794681235,84.58683788314104,83.06347112885169,72.56631813938176,54.22279881400506,35.727816362518226,29.14346776070717,46.0710675939801,38.45704697718145,29.165114517030545,35.60307299851281,62.134581969805865,82.5926660022091,6.572999071705937,6.766860913166602,6.971360435088947,7.212825366447725,6.8687135832056585,6.592159060321713,6.7876522416669145,6.594848222068964,6.382341170331779,6.346752893955006,6.406008079056611,6.4431053202093285,17.23451749690887,17.341270372694044,17.505478992216055,18.8462150630951,20.290542194120352,21.17688966560365,21.479390158253334,20.780968903572337,19.445570166778573,18.40069460407381,17.314383016204843,17.237757096670215,2.515140111936938,2.0415919052263383,0.8344740683990106,0.3040323047075774,0.0162359503051873,0.0031650343425671,0.1219652191215874,0.0306993795927024,0.0031163896287014,0.0165019113596901,0.5802414710127418,1.961978812668944,6.729581872090177,6.850634417660175,6.986742003142002,7.372060935286764,7.440537579721067,7.414311280872086,7.583887643334534,7.354674619331046,7.011484410180148,6.816044348744651,6.655749385852179,6.661445563607371,3.247496038029555,1.710310204395056,0.442228734012424,0.1655742551998449,0.0088840110034243,0.0017287136560588,0.0673958874743925,0.016698518200073,0.001654472582146,0.0086373011708481,0.3001270805382648,1.4392645373553945,1576.5010515149054,335.471509795773,1096.608334631828,479.8927168830786,3.044036770048048,1.6079,0.8263,0.0275648366959786,0.098572577755168,0.0853734328051503,0.1967849168381194,0.0464469816384782,0.4329680408780049,0.1122892133891003,49.2,180.564,118.08
Santa Lucía Utatlán,5124.95132129422,0.6635491664186679,0.1851532217717081,0.3382962605077236,0.1018620200257255,0.1549916263622735,0.0571626012413883,0.1885153529322276,0.4253339051885476,0.2843906126074376,0.1252016496523915,-0.0028634275705848,0.6832526188227275,0.7072915744981976,0.6536748872644702,0.6399962437358722,0.7126061171566573,0.6776274631072826,0.6228792465475882,0.7200265718657219,0.6628648569780866,0.6866591295818968,0.6200458568151913,0.3639239311665321,0.3412891209873639,0.3209902844670665,0.3739482474778554,0.3526787980781427,0.3204415282179071,0.3740612115218677,0.3354072123963627,0.358889513935804,0.310042874773645,0.1695592106354287,0.1569340432917438,0.1448786509999378,0.1751271500872744,0.1630889540617068,0.1454793008718654,0.1756035707191055,0.1534143466540039,0.1666788116155695,0.1394341004505134,,,,,,,,,,,,,,,,,,,,,,,,,95.13801982299942,60.69565604582599,44.71486931680973,28.52695834153832,164.10357039269294,107.3156863603428,58.00190150277093,22.497877562532125,3.360747171597007,2.1938079435460707,4.152812868748085,1.3499359985351562,8.16329629487879,5.489748413085939,3.689811346435547,8.189597686767577,2.7008920744772515,3.503008613879633,3.329772698974609,3.8697099609375,5.399674768066406,0.7361824589987362,0.17998857421875,0.7199685668945313,0.0899961181640625,7.694469320331647,5.039864233398437,0.5399733093261718,0.4499872131347656,0.0,0.3599822509765625,0.5209037090705423,1.1101771750943676,0.6118805863721941,4.2608,8.0955,0.5593021218725295,84.38088310797656,82.40152136490279,70.70644303603986,52.690932784575736,34.93089516768487,28.86771871434608,45.85053991300115,37.99495514706766,28.95360936529857,35.19030432169306,61.45066075178034,82.0952448129887,6.570769194198872,6.759846763623202,6.951287861548653,7.177459718151089,6.847272501255215,6.583055764174525,6.780931773492907,6.586095684379759,6.376091342205559,6.341988509738636,6.403205149906905,6.442247825625666,17.213873429561175,17.317434140847194,17.476073304035452,18.81367232075832,20.262712032525044,21.15269003134808,21.45532836815228,20.756171457924356,19.42145151754489,18.37748180935941,17.29280421072117,17.217356245271493,2.4292245089456967,1.904298165697968,0.7879284434080502,0.2710159163390368,0.0157079743375883,0.003006583727821,0.1173725029774715,0.0283414540834322,0.0029802732814342,0.0153266957839504,0.5537136878042189,1.8452012966694304,6.724472335904539,6.842389069070438,6.970788157192287,7.347168272970706,7.423136973211892,7.404833422720221,7.575940470708527,7.345349013044344,7.003791683314413,6.809313575993527,6.650246492223613,6.657170767418799,2.9519190959447035,1.5488587558752167,0.4171938534124065,0.1475576713821212,0.0086014484183663,0.0016416117320192,0.0648250050736891,0.0154082479764627,0.0015815326564258,0.0080191684619721,0.286298202433586,1.259720869103384,1393.8408993311864,320.0546226010466,969.5506044150897,424.29029491609606,3.044036770048047,1.8708,0.9614,0.2073599752516665,0.2211427540248007,0.0581785577612821,0.1504130285932133,0.1434437131955104,0.0914953659422761,0.1279666052312508,44.715,164.104,107.316
Santa María Visitación,2083.170019461331,0.8178421925232238,0.0739837285046808,0.4398439614701027,0.1018155987311765,0.2156915301182672,0.060853805083387,0.3202461244525478,0.6059498588215773,0.3962153537955442,0.0548231557665391,-0.0008734241216427764,0.8222456802737246,0.823325922330419,0.8191596752435252,0.8132287095912736,0.8223218365141756,0.8229060896445708,0.8077636312522118,0.8350116959412989,0.8167227079490317,0.8224365516208169,0.8002758971759868,0.46165906723341,0.4461095713341772,0.4354249130256407,0.4485731304822623,0.455787437755963,0.431801240720319,0.4474579524232798,0.4340222215356388,0.4555188666307969,0.4293634154949255,0.2305618151023139,0.2201022701916893,0.2126894216575909,0.2208265008787329,0.2253207045364881,0.2109135572960263,0.221244284897844,0.2124583789131373,0.2259841454651162,0.2081879327466549,,,,,,,,,,,,,,,,,,,,,,,,,138.095723592887,42.77251191086528,64.9049900886568,20.10308059810688,238.20131362537103,155.77197621277622,94.0101317582058,23.04,0.0,2.699978546142578,0.3599981750488281,0.36000341796875,4.189793739085478,2.002247309139476,1.3365906362974878,0.8661039718807445,0.2699980224609375,1.685988821949678,3.88231998082778,2.6999990966796874,7.200757210071039,0.3589443166934742,0.2700031311035156,0.2699977294921875,0.7200012451171874,0.0,0.0,0.3705841861021752,0.3600006713867187,1.1700054565429685,1.7099862854003904,1.3499777526855463,1.471744733863727,0.8087433212555221,5.2842,10.04,0.2290997159996476,82.68358748024859,79.71048855031745,61.90413314855865,43.21414887875829,28.072735702076347,25.391653519900967,40.36839506028918,32.906611237363784,25.93450569736611,29.56395433880802,49.66181684411314,79.10377654879217,6.687835086376693,6.883624787343432,7.000439160609714,7.1172599937475205,6.758740123564951,6.592553082942969,6.86106723410603,6.62147978447392,6.394973055173375,6.354580155595906,6.444751699212716,6.531362362009453,17.73371420449816,17.81950393496005,17.939507836812112,19.23954813523672,20.68493023445494,21.596274880757417,21.954394743296785,21.22956708485594,19.873928370678623,18.831306377727326,17.77842846588862,17.731831719800464,1.813202553230309,1.2796285943733092,0.5200216553047029,0.0685246559063253,0.0021890580554073,0.0009799162479701858,0.0442798360523414,0.0084438921456259,0.0011485229947237,0.0034972259509484,0.1858901958333839,1.2379993490675774,6.884677444252138,7.003577959403021,7.087025421152675,7.395227926187045,7.43996360503793,7.4781009685851485,7.703487637647577,7.440904740124433,7.088009439332795,6.8935630703375335,6.761640609087235,6.800461873798134,0.9777873056010356,0.6789440269467484,0.2775614349909089,0.0373716040403955,0.0011974505323471,0.0005374576329629219,0.0246573151084628,0.0046189927138986,0.0006129684936122097,0.0018401058472563,0.0968662820660808,0.6472016480220621,1944.3837977575408,363.5766451101595,1352.506220211579,591.8775775459617,3.044036770048048,1.5443,0.7936,0.0103764899773737,0.3030825429355287,0.2706411753242843,0.0248442642269054,0.2312186075553742,0.1410195630045874,0.0188173569759457,64.905,238.201,155.772
Santiago Atitlán,11633.727954246642,0.812394921959994,0.1026232622480489,0.4432849497228099,0.1104023797045816,0.2179358220097049,0.068232536486174,0.3228672018672508,0.6001213939376565,0.3937838924130115,0.0753543018866689,0.00021567168977883265,0.8076417700600014,0.8139311141607778,0.809831665986678,0.793985322698891,0.8025446308908726,0.8096485423104492,0.805145626778705,0.8287894434167797,0.8110360200043859,0.8152962669695265,0.7959142934230129,0.4550862814285568,0.4454022048476765,0.4187263593056355,0.4431770642513164,0.4571615821981049,0.4467012855647959,0.4479141647076986,0.439512389034585,0.4510216296632844,0.4341514897714754,0.2261140131743664,0.2198441578880994,0.2026718173027364,0.2176549562448891,0.2264715992959487,0.2199917524720653,0.2211989099707999,0.2165889457804536,0.2225938908059852,0.2122039336869665,,,,,,,,,,,,,,,,,,,,,,,,,142.97933129662522,43.2918896412722,67.20028570941369,20.347188131400884,246.62504855354783,161.28068570259376,92.71404257017863,23.03572914507958,0.3084638358215202,4.499599920654298,0.3599542785644531,4.318188643176509,18.71047940049116,10.5294255859375,15.308648240176934,13.80576620449889,8.462534212143842,21.49728484968597,2.39305109911152,7.019483001708984,17.118876277549596,10.302227783705767,18.374060369154986,19.224361311465984,26.458237432861317,30.89908991634592,22.56148853063246,8.804434359465954,5.887356431310317,31.606522675135,18.26838844604492,12.05910439453125,1.6244986486069162,0.7646562993087138,4.2225,8.0228,0.26030617285858587,81.41585543608126,82.62854579971012,68.29914680655644,47.93214262172944,29.12474127609632,24.34442202199628,34.35556425431193,29.75175181884179,24.58729464095746,26.266001611760064,40.880803279877256,76.87500845444991,6.82292169010957,7.096958731767998,7.253942151673858,7.4547557043631905,6.921750645325348,6.676585880188594,6.860559061582423,6.6442628916341615,6.438602984491872,6.367196521055551,6.455276652695178,6.607008825564584,18.326100558189665,18.433364217403167,18.559335013443302,19.85847048380878,21.242946488994548,22.12256128419,22.494102047412213,21.75639772451147,20.39190938354905,19.34304980339643,18.30733025847152,18.303069381805965,1.523025849017993,1.7280620778082476,0.6548614847324663,0.1396779572578015,0.0032058444812526,0.0007365405374949928,0.0161225219652965,0.0044902141037621,0.0007880552420333679,0.0017495210839022,0.0680796198003443,1.029424900144868,7.067525359481712,7.2325045270955615,7.337837180870717,7.691282702842201,7.628842914822213,7.610694332679954,7.784804697581734,7.535109181611389,7.1963421406400485,6.9853365264573375,6.861422596700357,6.945651619091636,0.9336334302171936,1.1629917542262478,0.3555908249413617,0.0776414998480241,0.0017732061044588,0.0004069659656985441,0.0090059235485341,0.0024670392877997,0.00042323226185931933,0.0009242331949310004,0.0355993626717854,0.5432166020351366,2367.310352243006,304.7266672312548,1646.6923764086932,720.6179758343114,3.044036770048047,1.617,0.831,0.0228394646014999,0.3399664356011335,0.2743447233406229,0.0357931658007747,0.1746651201947931,0.052921348533541,0.0994697419276348,67.2,246.624,161.28
Sololá,15189.43351127935,0.66188226358913,0.1709806371321142,0.3467145834976851,0.0974799392050986,0.1596939127039175,0.0548391667549874,0.1933961914301069,0.4306912057320799,0.2807109339312633,0.1161466230723857,-0.0031560130980325,0.6790770107347291,0.7030533245920072,0.6499181535146328,0.6471208033217916,0.6974455876190111,0.6511439622027758,0.6296426291516505,0.7224290249145359,0.6623800437623097,0.6720621229984626,0.6135538658586485,0.394479530682394,0.3524536010954141,0.3400805163568263,0.3786170636490178,0.3480098215199532,0.3318645704281127,0.3902338214065801,0.3459460510232877,0.3592509934302014,0.3132607629407469,0.18863822274255,0.1634850226322117,0.1558408210893083,0.1785848896418809,0.1606157789178416,0.1516339643137529,0.1853132408497086,0.1592501511453646,0.167192223503078,0.1411233441411509,,,,,,,,,,,,,,,,,,,,,,,,,82.30637091897815,56.17447126152371,38.68399433191959,26.402001492918348,141.97025919814496,92.8415863966076,57.02095941414477,22.214020876090245,4.133081988439139,5.973805202995749,8.581501689764288,3.059577795410156,33.15926141907933,6.209045690917967,12.59454700630936,25.9702903188668,14.247283218036724,8.008892559814454,9.920746932396984,6.659107507324219,16.259480180592256,0.35995439453125,1.979697985839844,0.6298857482910156,3.419463006591797,9.183961838307098,4.766840364990233,1.709769250488281,1.1698439941406251,4.769466192626952,4.229315954589843,4.857823703134574,1.0315575249811906,0.6022025613291204,4.1745,7.9316,0.659136072771356,84.68614644109515,83.39779817405824,73.54007316094902,55.93722935872661,36.99976402598148,29.583625347420984,46.16571724521317,38.7647907710073,29.51371121927734,35.995185173023664,62.31976823000157,82.67656276980576,6.562631413757548,6.758766176051535,6.973186038694425,7.243630366093269,6.903351853305926,6.600972476077446,6.776739302876017,6.5914430212936415,6.383590682581755,6.345969987041063,6.400321485012158,6.434539519662631,17.212794327630746,17.322511500293746,17.4933231193176,18.84382205583422,20.287638651777957,21.166997127215343,21.461454736826223,20.76567947751403,19.433139077870525,18.386842655542303,17.29633953700685,17.216691060503965,2.543131994946364,2.138022355573446,0.8854097174899545,0.3562870272893818,0.0244199637850706,0.0036834415680124,0.1235179560283439,0.0328296852575763,0.0034999878827624,0.018241952883225,0.5844286583821655,1.978272476767383,6.7200071475854655,6.842826587700868,6.985230727768826,7.387523402364209,7.460131771325871,7.418340385662556,7.574274524152547,7.350162756789461,7.0102118234322415,6.813213142326559,6.649346729148206,6.65293470094506,3.362239613540167,2.0356967243469173,0.4691649475149221,0.1943510353270047,0.0134027034982794,0.0020126859289265,0.0682077941264914,0.0178504084057259,0.0018578501986673,0.0095453238052829,0.3021466121824227,1.4331571743814648,1162.6136851509552,317.145230441922,808.7098044549061,353.9038806960567,3.044036770048047,1.8734,0.9627,0.1410115033115593,0.1966031013590158,0.0518240332589917,0.2234771781620115,0.1085451639341395,0.1513689372115281,0.1271700827627533,38.684,141.97,92.842
